object_id,Z,SpecType_Code,target
Dornhoth_fervain_onodrim,3.049,0,0
Dornhoth_galadh_ylf,0.4324,3,0
Elrim_melethril_thul,0.4673,0,0
Ithil_tobas_rodwen,0.6946,0,0
Mirion_adar_Druadan,0.4161,0,0
Mirion_lalaith_neledh,1.197,0,0
Rochirrim_lebdas_pethron,0.1806,12,0
acharn_lend_Mithrim,0.1887,0,0
achas_iar_gaur,1.238,0,0
aduial_nur_luith,2.201,0,0
amath_gwador_helegnen,0.7056,0,0
amlug_loss_ang,3.45,0,0
amon_imloth_luin,0.7766,15,1
andrann_puig_fern,0.3568,7,0
ang_cugu_harad,0.7503,0,0
ang_neledh_aith,0.2095,3,0
angos_rusc_curunir,0.215,0,0
annon_adab_lossen,2.736,0,0
araf_hub_faun,0.2929,7,0
aras_ryn_manadh,0.3513,7,0
badhor_graw_aiglos,1.206,0,0
badhor_magol_merilin,1.429,0,0
badhor_onodrim_alagos,0.2254,0,0
baneth_pilin_tachol,0.3759,7,0
bragol_bronwe_lagor,0.8324,0,0
bragol_nothrim_gas,0.2525,3,0
celair_aerlinn_aes,0.1663,3,0
cirion_ira_Ithil,0.3325,7,0
corch_faun_min,0.5925,7,0
corf_Mirion_toll,0.5084,0,0
cuin_haudh_cenedril,0.5366,0,0
cuin_law_amon,0.4769,7,0
dam_corch_agar,0.5287,0,0
dirnaith_achas_noroth,0.8448,0,0
drafn_araf_ryn,0.3243,15,1
eilian_pilin_fang,0.1536,3,0
eilian_pod_firiel,0.09443,3,0
elu_rusc_nath,0.826,15,1
elvellon_fast_annon,0.4599,7,0
ennorath_guldur_aear,0.6832,0,0
erchion_ungol_aduial,0.3355,10,0
espalass_melethron_ungol,1.203,0,0
espalass_nestad_hul,0.6164,0,0
fae_haeron_merilin,0.5845,7,0
fang_ira_nell,0.3245,10,0
fast_ang_lebenedh,0.7811,0,0
fast_celeb_bregedur,0.1706,0,0
firiel_lend_mithril,2.401,0,0
fuin_bragol_talraph,0.2981,0,0
galad_thangail_pethron,0.3175,0,0
gas_cair_gondrath,0.1668,3,0
gas_glaur_daen,0.1746,7,0
gaurwaith_Ithil_rhach,0.1758,0,0
gli_lembas_galadhrim,0.4442,7,0
gond_aduial_suil,0.09786,3,0
gond_pent_Dornhoth,0.3305,3,0
gondrath_saer_rach,0.8341,0,0
graw_heledir_lunt,1.032,0,0
graw_idhren_narthan,0.8373,0,0
gul_braig_baug,0.4682,0,0
gwador_thurin_hal,0.1736,7,0
gwathui_adan_barad,0.3883,3,0
gwilwileth_aegas_ah,0.3542,0,0
gwilwileth_ungol_aegas,0.8489,0,0
hand_gwathui_alae,0.8205,0,0
hand_parf_gwathui,1.338,0,0
helegnen_luith_raug,0.1821,3,0
helegnen_tathar_hend,0.8018,0,0
hervess_calad_firiel,0.4009,7,0
hervess_hend_lam,0.4506,15,1
hud_fast_hend,0.1626,3,0
imrad_achas_glamor,0.8,15,1
imrad_nothrim_Sindarin,0.4494,7,0
ingem_hub_lembas,0.3257,7,0
ingem_lost_acharn,0.5344,0,0
ist_acharn_pendrath,0.2138,7,0
lagor_narthan_mindon,0.5087,7,0
lang_lalaith_meldir,0.4382,0,0
law_minuial_cabor,0.815,0,0
lebdas_adab_aglareb,0.3968,3,0
limlug_mindon_iar,0.5887,7,0
limlug_pess_gwend,0.3901,0,0
lobor_mithren_fang,0.312,7,0
lossen_pess_duin,0.1988,3,0
lost_ungol_draug,0.1768,7,0
luith_gobennas_ang,1.131,0,0
luith_saig_aranarth,0.6755,0,0
luithien_mindon_eirien,0.3436,0,0
maethor_meldir_rhosc,0.2127,0,0
magor_elvellon_caras,0.1562,3,0
malad_saer_balrog,0.2828,0,0
manadh_gaurwaith_lalaith,1.338,0,0
melethron_panas_aeglir,0.1916,3,0
mereth_aiglos_ram,1.145,0,0
mindon_helegnen_galad,0.4303,7,0
mithril_suil_cugu,0.179,15,1
myril_thurin_ist,1.859,0,0
nadhras_pethron_ulug,0.1769,0,0
narthan_cugu_mir,0.09049,3,0
neledh_eglan_gwaloth,0.4354,0,0
nestad_agarwaen_saer,0.7086,0,0
nimbrethil_adab_maethor,0.1475,3,0
nur_nidh_fuin,0.3193,7,0
ogol_saig_adab,1.244,0,0
onodrim_hervess_firion,0.2837,7,0
paich_Mirion_aeruil,1.357,0,0
paich_erchion_ablad,1.52,0,0
paich_graw_haradrim,0.4069,7,0
panas_lalaith_bronwe,0.3565,7,0
parf_per_ruith,2.112,0,0
pendrath_Gwathuirim_Elrim,0.159,0,0
pent_agor_bronwe,0.4184,15,1
per_hwiniol_nimbrethil,1.199,0,0
perian_gwend_gwilwileth,1.14,0,0
perian_mir_balrog,0.1552,7,0
pethron_corf_menel,0.1991,3,0
raef_hud_baug,0.151,15,1
ram_thavron_rusc,0.1555,15,1
rhach_bellas_alae,0.3609,0,0
rhun_mir_magol,0.2395,3,0
riel_glae_gellui,0.4458,7,0
riel_glass_lasguil,0.966,0,0
riel_nadhras_firiel,0.1646,0,0
ris_hul_minas,0.8378,0,0
ris_perian_Tawarwaith,0.4146,0,0
rist_anwar_amlug,0.2454,3,0
roch_hal_eryn,1.379,0,0
roch_magol_luin,0.8191,0,0
rochben_roch_naer,0.3472,0,0
rom_cae_mil,0.8086,0,0
rom_lass_laug,0.5683,7,0
romru_elvellon_alph,0.3065,7,0
rudh_achas_lachenn,0.9021,0,0
ruith_nell_alph,0.4689,7,0
ruith_nur_aranarth,0.2025,3,0
ryn_amarth_rhach,1.18,0,0
saig_nagol_rodwen,0.1517,7,0
salph_iar_merilin,0.3409,7,0
sammar_luin_rom,0.4041,7,0
soga_forodrim_aith,0.7238,0,0
soga_galad_amon,0.3023,7,0
suil_sogannen_bain,0.4731,15,1
talraph_anann_nestad,0.7502,0,0
tang_aranarth_gwanur,1.047,0,0
tavor_hud_parf,0.2845,7,0
tavor_luin_espalass,0.8608,0,0
thamas_hud_cuil,0.2896,15,1
thul_iar_lalaith,0.2996,7,0
tinnu_maen_gaurwaith,0.4968,0,0
tirith_randir_gwanur,0.1494,7,0
tobas_Elrim_salph,0.2758,15,1
tobas_hub_glandagol,0.3751,0,0
uir_edlothiad_espalass,0.9238,0,0
uruk_narthan_lin,0.3303,0,0
ylf_gath_dannas,0.3067,3,0
Druadan_rodwen_bragol,0.3249,15,1
Elrim_harad_menel,0.7035,15,1
Eluwaith_nestad_in,0.1411,0,0
Ennor_nimp_rovalug,0.9656,0,0
Rochirrim_dunadan_annon,0.4505,7,0
Rochirrim_pennas_fervain,0.3651,7,0
aes_faun_melethron,0.3338,7,0
agor_galenas_pod,1.658,0,0
agor_gaurwaith_hervenn,0.5263,0,0
ah_eirien_mithren,0.3297,7,0
aiglos_iphant_corf,1.243,0,0
amath_lobor_rhun,0.3376,7,0
amloth_gaw_lalaith,0.3638,7,0
amloth_talraph_puig,0.1386,0,0
angos_rochir_aras,0.3213,15,1
ank_raegdan_iaun,0.8888,3,0
araf_gwaun_nagol,0.1737,0,0
aran_lin_gwaun,0.5582,0,0
badhor_mirdan_hwiniol,1.291,0,0
bass_thamas_galadhrim,1.915,0,0
bellas_nell_amath,0.9208,0,0
bellas_rochben_aith,0.8892,3,0
bragol_gwathui_gobennas,0.4944,6,0
bragol_ninglor_ank,0.3629,7,0
braig_dunedhel_elu,0.1851,0,0
calad_suil_badhor,0.9764,0,0
callon_daen_harad,0.3617,0,0
callon_pess_hand,0.4429,7,0
caras_uanui_merilin,0.2828,7,0
celeb_Ithil_cuin,0.4924,6,0
celon_agor_elu,0.8583,0,0
cirdan_araf_maecheneb,0.1988,3,0
cuin_corch_nothrim,0.3552,7,0
cuin_gondrath_aith,0.1376,0,0
cuin_pess_uir,0.6801,0,0
cund_Mirion_dunedhel,0.2263,0,0
dirnaith_heledh_minas,0.9246,0,0
dol_mirdan_adan,1.066,0,0
drafn_achas_rochben,0.2485,0,0
drego_amlug_galadhrim,0.3793,0,0
dunedhel_min_hub,0.4587,0,0
edlothiad_celeb_menel,0.3601,7,0
eilian_hud_lossen,0.2667,13,0
erchion_lend_lain,0.2004,7,0
eredh_nothrim_hador,0.3184,0,0
espalass_ryn_ist,0.4779,7,0
fast_cenedril_pod,0.2191,7,0
faun_heledh_onodrim,2.63,0,0
firiel_tinuviel_ennorath,0.6018,4,0
gador_galad_myril,0.7805,0,0
galadhrim_bellas_amarth,0.2464,7,0
gath_laes_gaur,0.4214,7,0
gaurwaith_tamin_ungol,0.3112,15,1
gaw_hador_peredhel,2.978,0,0
gellui_maecheneb_raef,0.7269,0,0
gil_mithren_luithien,0.7253,0,0
glandagol_dunadan_min,0.3877,0,0
glass_menel_rudh,0.3169,7,0
glass_nidh_cenedril,0.7997,0,0
gobennas_gondrath_puig,0.2942,7,0
gond_Mirion_lain,2.28,0,0
gondrath_haudh_mund,0.591,0,0
gorn_lebenedh_bregedur,0.2083,0,0
gorn_narthan_agar,0.3135,0,0
grond_ogol_pennas,0.5995,4,0
gul_celon_gond,0.2138,0,0
gul_eirien_anwar,0.2749,0,0
gwanur_Gwathuirim_Rochirrim,0.8757,0,0
gwanur_thul_firion,0.2865,0,0
gwarth_bellas_glamor,0.3249,15,1
gwend_grond_Mithrim,0.5089,7,0
harad_archam_cae,2.625,0,0
harad_rochben_forodrim,0.2032,3,0
harad_tirith_mithren,0.3465,15,1
haradrim_fae_maecheneb,0.4347,7,0
haudh_pod_maecheneb,0.1868,0,0
helegnen_faradrim_cae,0.786,15,1
hervenn_rhosc_honeg,0.7202,0,0
hervenn_tang_callon,0.2768,0,0
hervess_bellas_aiglos,0.4829,6,0
honeg_fern_saig,0.9922,0,0
honeg_romru_soga,0.2863,0,0
hud_bregedur_rist,0.3306,15,1
idhren_aear_min,0.7894,0,0
idhren_paich_merilin,1.192,0,0
ithron_andrann_lebdas,0.3655,0,0
lacha_Ennor_ogol,0.1557,0,0
lachenn_dirnaith_gwador,1.404,0,0
lachenn_imlad_cugu,0.6652,4,0
laer_rusc_uruk,0.7135,0,0
lain_imlad_salph,0.9622,0,0
lain_tinuviel_aduial,0.1681,0,0
lam_aeruil_muinthel,0.3837,7,0
lam_anann_gador,0.821,3,0
law_ithildin_andrann,1.503,0,0
law_pent_sammar,0.3708,0,0
lorn_thul_gwathui,0.2045,3,0
loss_iaun_gwael,0.8871,0,0
loss_laer_amloth,1.36,0,0
loss_toll_perian,0.3681,0,0
lossen_aear_faun,0.2633,0,0
luith_fast_aear,1.466,0,0
maethor_tobas_laug,0.9321,0,0
magol_mund_baug,0.3846,7,0
magor_hend_amarth,1.437,0,0
melethron_graw_imrath,0.3006,15,1
menel_hervess_lend,1.025,0,0
mereth_faun_bass,0.4729,6,0
mereth_lachenn_heleg,0.312,0,0
min_noroth_manadh,1.559,0,0
minai_uruk_rochir,2.404,0,0
minas_lain_cirion,0.253,7,0
mindon_tang_firion,0.4086,7,0
minuial_meril_salab,0.297,7,0
morgul_ennorath_magor,0.3196,7,0
morn_sogannen_midh,0.3699,7,0
muinthel_iphant_tathar,0.8457,0,0
nadhras_galas_nestad,0.3673,7,0
nagol_lavan_salab,0.4471,7,0
nana_Mithrim_fuin,1.412,0,0
nana_lost_luin,0.6367,7,0
narthan_hub_daen,1.14,0,0
nimbrethil_fern_aphadrim,0.9411,0,0
noroth_hend_grond,0.2731,7,0
nothrim_ninglor_tinuviel,0.7797,0,0
paich_ithildin_gorn,1.215,0,0
panas_magol_loss,0.2972,7,0
panas_pilin_ah,0.3098,0,0
parf_Ennor_idhren,0.9657,0,0
pennas_baneth_ingem,1.504,0,0
per_baug_cund,1.055,0,0
pess_ank_cabor,0.2804,0,0
rach_Gonhir_rom,0.5278,0,0
raef_lossen_panas,1.553,0,0
ram_haeron_imrath,0.921,0,0
raug_parf_ungol,0.54,0,0
rhach_aeglir_midh,0.516,6,0
rhach_aeruil_glandagol,0.3403,0,0
rhosc_menel_eirien,0.1963,0,0
rhosc_meril_uir,0.2417,13,0
rhun_anwar_iaun,0.3371,15,1
rhun_gwador_toll,0.4661,7,0
rist_lacha_hal,0.3501,7,0
rochir_Sindarin_merilin,0.2753,7,0
rovalug_adel_tamin,0.1927,7,0
rovalug_drego_lachenn,1.728,0,0
rovalug_imlad_alagos,0.466,0,0
rudh_hul_cair,1.535,0,0
ruith_rochben_aes,1.509,0,0
rusc_erchion_balrog,0.3275,15,1
saelor_glass_cenedril,0.7644,15,1
saer_imrath_gorn,0.3642,7,0
saig_Rochirrim_haust,0.595,0,0
saig_sammar_faen,3.442,0,0
sammar_gond_fast,1.147,0,0
sirion_lobor_angos,0.3241,7,0
soga_yll_cirdan,0.2745,0,0
talraph_glamor_galad,1.374,0,0
tathar_noroth_thor,0.6992,0,0
thamas_gwilwileth_cund,0.2436,13,0
thamas_minas_tavor,0.8432,0,0
thamas_sammar_ira,1.566,0,0
thangail_fae_riel,0.9686,0,0
thor_cabor_eilian,0.3599,7,0
thor_ennorath_iar,0.479,0,0
thor_lobor_hand,0.2534,7,0
thul_neledh_nur,0.355,0,0
tinuviel_randir_cuil,0.4636,6,0
tinuviel_tamin_melethron,0.3637,7,0
tirith_amath_mil,0.171,0,0
Druadan_lorn_morgul,1.027,0,0
Eluwaith_lain_curunir,0.2313,7,0
Eru_saelor_tegilbor,0.8868,15,1
Mithrim_merilin_gwachaedir,0.4973,7,0
Rochirrim_pent_gil,0.4917,7,0
Sindarin_rusc_glamog,0.1683,3,0
acharn_nost_mil,0.4679,7,0
acharn_uir_bregedur,0.2427,7,0
adab_Gonhir_gwanur,1.805,0,0
adar_inias_hand,0.2823,0,0
aerlinn_raef_nimbrethil,0.5853,7,0
aes_perian_fae,0.7027,0,0
aes_rhovan_erchion,0.2652,0,0
ah_fervain_Ennor,1.11,0,0
ah_mir_Mithrim,0.4663,0,0
amarth_ai_Gonhir,0.3553,7,0
amarth_heledir_gil,0.8177,0,0
amath_celon_agarwaen,1.393,0,0
anann_rom_anwar,0.5453,0,0
angos_tamin_haust,0.8678,0,0
ank_fast_luithien,0.3897,7,0
ank_glandagol_law,0.4885,0,0
anwar_gas_gaw,0.3641,0,0
aphadrim_lain_minai,1.108,0,0
aran_aear_muinthel,1.5,0,0
aras_Elrim_Gwathuirim,0.893,0,0
badhor_firiel_tinnu,0.2127,7,0
bain_gobennas_minas,0.9152,0,0
cabor_paich_galad,1.013,0,0
calad_laug_erchion,0.3213,0,0
callon_thangail_aerlinn,0.372,7,0
certh_adel_imlad,0.3687,9,0
certh_curunir_luith,0.4155,0,0
cirdan_luith_maethor,0.2899,7,0
cirion_cair_echad,1.067,0,0
cugu_ruith_toll,1.023,0,0
cuil_magor_andrann,0.7353,0,0
daen_saelor_gil,0.579,0,0
dagnir_archam_raegdan,1.102,0,0
edlothiad_Ennor_graw,0.9145,0,0
elvellon_gador_fern,0.2687,0,0
erchion_lobor_hwiniol,0.8859,15,1
eryn_roch_tann,0.3143,7,0
fang_aegas_fervain,0.8779,0,0
faradrim_yll_honeg,0.274,0,0
faun_faradrim_cae,0.3749,7,0
fern_lagor_guldur,1.348,0,0
fervain_tamin_firion,1.861,0,0
firiel_maen_sirion,0.2202,7,0
forodrim_dunedhel_galadhrim,1.115,0,0
fuin_helegnen_rochir,0.5743,0,0
galadhrim_aderthad_balrog,1.167,0,0
galadhrim_inias_Dornhoth,1.046,0,0
galadhrim_uruk_gwend,0.9862,0,0
galvorn_gador_braig,1.72,0,0
gas_magol_idhren,0.4296,8,0
gil_amdir_corf,0.2896,0,0
gilgalad_nidh_mir,0.473,0,0
glaur_Rochirrim_aeglir,2.238,0,0
gwador_pent_faun,1.158,0,0
gwaloth_aith_ulug,0.2051,7,0
gwanur_adar_anwar,0.3739,7,0
gwarth_lin_lasguil,0.3165,0,0
gwarth_rach_magor,1.074,0,0
gwathui_gwael_heron,0.4153,7,0
gwathui_navaer_glaur,1.012,15,1
gwaun_naer_tamin,0.4049,0,0
gwend_dol_inias,0.8115,0,0
gwend_harad_lalaith,1.175,0,0
gwilwileth_cair_tavor,0.7185,0,0
hadhod_ram_calad,0.6482,0,0
hal_alae_suil,1.148,0,0
hast_eryn_ah,1.005,0,0
haust_vin_uan,0.27,7,0
heleg_agar_melethron,0.8745,0,0
helegnen_idhren_hul,0.3011,0,0
helegnen_tachol_corf,0.5867,0,0
imrad_lebed_corf,0.1954,7,0
imrath_gaurwaith_mil,0.5669,0,0
in_hervenn_malad,0.7953,0,0
lain_bronwe_tamin,0.5517,0,0
lain_gilgalad_pess,0.1979,7,0
lam_gwanur_lin,0.7448,0,0
lam_lathron_talraph,0.3745,0,0
laug_imrath_gaur,0.9357,0,0
lebed_nadhras_iphant,0.6444,0,0
lebenedh_imrad_adab,0.2608,0,0
lebenedh_law_gwaloth,0.271,0,0
lhug_amlug_ithildin,0.547,7,0
lin_cirion_maecheneb,0.3497,7,0
lossen_rovalug_luithien,2.28,0,0
luin_thor_aear,0.4488,0,0
lunt_gwend_imrath,0.53,7,0
magol_hador_thor,0.1649,3,0
magor_aiglos_amon,1.174,0,0
melethron_drafn_Gwathuirim,0.3518,0,0
mil_emel_mir,0.4087,0,0
min_heleg_pethron,0.6968,0,0
morgul_lembas_dam,0.4037,7,0
muil_bragol_aeruil,0.6255,0,0
muil_inias_dunadan,0.5594,0,0
muinthel_aegas_Druadan,1.365,0,0
muinthel_cuil_uan,1.97,0,0
mund_parf_Eru,0.1189,5,0
nana_celeb_fast,0.2925,0,0
narthan_puig_haeron,0.296,7,0
nell_dam_guldur,0.8129,0,0
nell_rusc_roch,0.7213,0,0
nestad_sogannen_gobennas,0.9296,0,0
nidh_pendrath_dunedhel,2.303,0,0
nim_cuin_saer,0.977,0,0
nimp_tamin_alagos,1.199,0,0
ninglor_ank_helegnen,0.5953,0,0
nost_tachol_rom,0.6114,0,0
nur_angos_gaurwaith,0.3533,0,0
pent_gobennas_achas,0.1913,7,0
perian_gwaun_minuial,0.6348,0,0
pilin_minai_bellas,0.6522,0,0
ram_ogol_cuil,0.5709,0,0
riel_edlothiad_elvellon,1.868,0,0
ris_heledh_Tawarwaith,0.2926,0,0
ris_hud_magor,0.285,0,0
rochir_eirien_tann,0.4236,0,0
romru_Gwathuirim_per,1.368,0,0
romru_ithildin_alagos,0.5738,0,0
ruith_bain_gwachaedir,0.9649,0,0
rusc_emel_rist,0.791,0,0
sador_bass_tinuviel,0.7934,0,0
saer_ylf_hervess,0.5495,0,0
saew_aglareb_rhun,0.9365,0,0
saig_forodrim_bass,1.599,0,0
tang_Gwathuirim_aerlinn,1.923,0,0
thamas_pethron_eilian,0.806,0,0
thangail_aran_adan,2.616,0,0
thangail_rhun_meldir,0.6349,0,0
uan_bellas_iaun,0.7813,0,0
ulug_espalass_muil,1.005,0,0
vin_celeb_ruith,0.3248,7,0
Dornhoth_rist_lalaith,0.2716,0,0
Elrim_firiel_soga,0.5487,7,0
Elrim_heledir_fervain,0.2919,7,0
Gwathuirim_meldir_fuin,0.4287,15,1
Ithil_uanui_Eluwaith,1.199,0,0
Mirion_baug_angos,0.5798,0,0
Sindarin_araf_pilin,0.3755,15,1
adar_amlug_eryn,1.552,0,0
adel_glae_melethron,0.2226,7,0
aderthad_ulug_nadhras,0.8129,0,0
aduial_anann_aphadrim,0.2698,0,0
aerlinn_nagol_bellas,1.176,0,0
agor_araf_faradrim,1.514,0,0
amloth_pess_gwathui,0.5239,7,0
amon_cirion_annon,0.4065,15,1
angos_celon_lain,0.7692,0,0
ank_heledh_rudh,0.6939,0,0
anwar_gilgalad_luith,0.1952,15,1
anwar_raef_fervain,0.5514,0,0
aranarth_gwilwileth_laer,0.5723,7,0
aras_minai_yll,0.7203,0,0
aras_rusc_rhovan,1.64,0,0
archam_calad_lossen,1.103,0,0
badhor_rhach_rach,0.4826,7,0
balrog_gil_rhosc,3.577,0,0
barad_nur_gobennas,0.6993,0,0
corf_annon_talraph,0.1849,0,0
cugu_mund_celeb,2.531,0,0
cund_gath_loss,0.3569,7,0
cund_lathron_galenas,0.5138,7,0
cyron_amlug_lebenedh,0.2994,7,0
dannas_gul_bronwe,0.1661,0,0
dol_adan_dunadan,1.313,0,0
drafn_mund_mithren,1.876,0,0
draug_drafn_gwend,1.216,0,0
eirien_Druadan_ingem,0.866,15,1
eirien_uruk_cirdan,0.505,7,0
elu_certh_lam,1.462,0,0
emel_annon_aith,0.4016,7,0
erchion_alagos_thurin,1.488,0,0
eryn_saig_cirdan,0.3092,0,0
fang_gwilwileth_uan,0.4236,3,0
fang_thamas_eirien,0.2281,15,1
fern_aerlinn_rhovan,0.3341,7,0
firion_erchion_glae,0.5151,0,0
forodrim_Mirion_balrog,3.607,0,0
forodrim_navaer_rhach,0.5377,0,0
fuin_ryn_amdir,0.378,15,1
gador_Tawarwaith_rhovan,0.6479,1,0
gaur_barad_faradrim,1.06,0,0
gaur_galas_rach,1.295,0,0
gaurwaith_ira_fast,1.331,0,0
gilgalad_nothrim_alph,2.66,0,0
glae_aear_minai,0.4988,7,0
glae_anwar_adab,0.6105,0,0
glandagol_gwael_gaur,0.6077,0,0
gli_cirdan_lobor,0.6518,1,0
graw_anann_uir,0.6724,0,0
gwael_saer_lebenedh,1.286,0,0
gwarth_lorn_lost,0.7476,0,0
gwilwileth_dirnaith_lagor,0.5357,7,0
hadhod_annon_agarwaen,0.2918,7,0
haeron_pendrath_gwaloth,0.371,0,0
haradrim_pess_gwarth,0.3395,7,0
haust_fuin_paich,0.5015,7,0
helegnen_rovalug_anwar,0.4126,7,0
hervenn_Gonhir_eryn,0.8497,0,0
hervenn_alae_braig,0.4702,7,0
hud_uanui_ira,1.47,0,0
iaun_gil_cuin,0.4549,7,0
imlad_heron_lang,0.5849,0,0
ist_erchion_cyron,0.2942,7,0
ithron_galvorn_gaur,0.8662,15,1
lacha_amlug_braig,0.5099,0,0
lacha_duin_uanui,2.534,0,0
lachenn_galenas_tamin,0.2822,7,0
laer_gellui_gador,0.7893,0,0
lam_aegas_romru,1.004,0,0
lass_suil_aiglos,0.3407,0,0
lavan_peredhel_pilin,0.8201,0,0
law_soga_Tawarwaith,1.535,0,0
lebdas_noroth_ang,0.7189,0,0
lebenedh_aith_aear,0.8855,0,0
lembas_hast_helegnen,1.318,0,0
lobor_gwachaedir_emel,0.3022,7,0
lost_muil_cabed,0.5056,0,0
lost_ulug_aeglir,1.585,0,0
lunt_thul_Sindarin,0.5853,0,0
maethor_ah_haeron,1.394,0,0
mereth_iphant_gil,0.2499,7,0
mil_ris_lain,0.461,7,0
minai_lebed_eilian,0.8714,0,0
morn_naer_fang,0.5327,0,0
muil_Gwathuirim_espalass,0.3008,7,0
nana_aith_eglan,0.945,0,0
narthan_suil_araf,0.6253,0,0
neledh_nell_cuin,0.3018,7,0
nell_ithildin_uir,0.2482,3,0
nestad_ablad_rach,0.3159,0,0
nidh_ram_achas,0.3324,7,0
nim_lossen_lang,0.2204,7,0
onodrim_dirnaith_minas,0.3016,6,0
onodrim_ulug_lobor,0.4543,7,0
panas_salph_raug,0.7663,0,0
panas_soga_gador,0.7455,0,0
peredhel_aeruil_forodrim,0.2503,3,0
perian_lagor_luithien,0.6232,0,0
pethron_Elrim_rochben,0.3136,7,0
pethron_neledh_glae,0.7648,0,0
pod_gondrath_archam,0.5202,7,0
pod_iar_celeb,0.4891,7,0
raef_Mirion_lebed,0.3738,15,1
randir_dam_ennorath,0.6376,1,0
rhosc_minai_hend,0.8029,0,0
rhosc_noroth_bragol,0.8452,0,0
rhun_fang_tavor,0.3947,7,0
rom_raef_lavan,1.336,0,0
ruith_cuil_fast,0.5186,0,0
rust_hador_parf,0.3582,7,0
ryn_thamas_imrath,0.9288,0,0
sador_lin_eilian,1.846,0,0
saer_aith_talraph,1.301,0,0
saig_idhren_daen,0.2465,3,0
salab_heledh_Rochirrim,0.3399,0,0
salab_hu_maethor,0.2857,6,0
salab_hwiniol_ira,0.2621,6,0
salab_tirith_Ithil,0.2083,15,1
sammar_idhren_nath,0.2974,7,0
sirion_peredhel_suil,0.4103,7,0
soga_hador_hadhod,0.381,7,0
soga_ylf_gas,0.5209,0,0
tachol_hast_lam,0.1764,0,0
tachol_saig_lorn,0.4721,7,0
thangail_dol_sirion,1.383,0,0
thangail_hend_nadhras,0.6356,0,0
thurin_aegas_bregedur,0.8084,15,1
thurin_pent_minuial,1.571,0,0
thurin_rust_luin,2.017,0,0
tobas_hun_peredhel,0.3831,15,1
tobas_narthan_min,0.8041,0,0
uan_gaur_maethor,0.628,0,0
ungol_limlug_tirith,0.544,7,0
ylf_gwador_eilian,1.436,0,0
ylf_suil_eirien,0.2745,0,0
yll_tamin_fern,1.337,0,0
Druadan_galadhrim_narthan,0.3089,7,0
Ithil_uan_hub,0.5287,0,0
Mithrim_lam_anann,0.09419,3,0
Rochirrim_gwael_muinthel,0.6462,0,0
achad_gwaloth_pilin,0.3973,7,0
achas_grond_pilin,0.7181,0,0
achas_saer_hand,0.4134,15,1
adab_magol_cyron,0.3819,7,0
adar_ang_eredh,1.312,0,0
aderthad_cirdan_Eluwaith,0.2161,7,0
aerlinn_aduial_aear,0.4359,0,0
aerlinn_gwarth_thor,0.3614,7,0
aeruil_rust_harad,0.3618,7,0
aes_eglan_glae,0.3017,0,0
agarwaen_Elrim_muinthel,1.03,0,0
agarwaen_cund_rhosc,0.7397,6,0
agarwaen_meldir_forodrim,0.1294,0,0
aglareb_gwarth_gli,0.2595,7,0
aglareb_uan_midh,0.2193,7,0
ah_eredh_annon,0.2847,7,0
ah_ryn_gellui,0.8428,0,0
ai_cirdan_uir,0.345,7,0
alae_lost_hu,0.7361,6,0
amath_cabor_minas,0.6097,0,0
angos_annon_aegas,0.9773,0,0
angos_hadhod_haudh,0.5615,7,0
angos_hast_hud,0.3967,0,0
araf_cabed_raef,0.4109,0,0
aras_gilgalad_tann,0.9347,0,0
bellas_tachol_hand,0.8807,0,0
bronwe_gath_tavor,0.7058,6,0
bronwe_manadh_firiel,1.036,0,0
cabor_duin_magor,0.3805,7,0
cabor_saelor_law,0.08709,3,0
callon_agar_gwilwileth,0.643,0,0
caras_amlug_neledh,0.2856,7,0
celair_daen_saew,0.2463,7,0
celair_salab_iar,0.3279,7,0
celeb_adar_aras,0.1258,0,0
celeb_heleg_archam,0.3729,7,0
celon_ist_agor,1.604,0,0
certh_galas_aphadrim,0.2612,0,0
cirdan_aerlinn_Eru,1.079,0,0
cirdan_tang_nidh,1.108,0,0
cirion_gond_amon,0.8378,0,0
cyron_mithril_barad,1.039,0,0
dagnir_achad_lebed,0.712,0,0
dirnaith_mithren_aeglir,0.2517,7,0
echad_alph_lagor,1.076,0,0
edlothiad_melethril_braig,0.5199,0,0
emel_galad_magor,1.116,0,0
ennorath_curunir_eryn,0.3736,7,0
eredh_saig_dunedhel,0.2519,7,0
eryn_archam_fern,0.5633,7,0
fae_lagor_gond,0.7314,0,0
fae_malad_gwend,1.831,0,0
fang_lain_acharn,2.991,0,0
fern_certh_pennas,0.3821,7,0
fuin_ang_panas,0.8631,0,0
fuin_sogannen_alagos,0.4084,7,0
gador_maethor_iphant,0.8583,0,0
galadh_mirdan_cuil,0.4651,7,0
galas_pent_haudh,0.4468,0,0
galenas_ablad_bregedur,0.2898,0,0
galvorn_ogol_aras,1.13,0,0
gas_Eru_hud,0.2007,7,0
gil_neledh_ris,0.4185,0,0
glamor_minuial_adel,0.2967,7,0
glaur_daen_magor,1.798,0,0
glaur_raug_rom,2.027,0,0
gli_naer_bronwe,0.3543,7,0
gli_nothrim_limlug,0.5131,7,0
gobennas_minai_haust,0.4945,0,0
gwador_saew_aphadrim,1.023,0,0
gwaun_loss_heleg,0.6895,0,0
gwend_aranarth_soga,0.4231,0,0
gwend_dunedhel_daen,0.414,0,0
gwend_fuin_ris,0.2415,7,0
haeron_vin_amarth,0.401,7,0
hal_andrann_perian,1.304,0,0
hal_galvorn_loss,0.3772,7,0
heleg_amon_lebenedh,0.295,7,0
helegnen_iaun_hu,0.4413,7,0
hervess_uir_eryn,0.936,0,0
hu_amon_certh,0.3638,7,0
hu_toll_aduial,1.592,0,0
hul_faen_min,0.7825,0,0
hun_maen_hervess,0.4115,15,1
hwiniol_randir_nell,0.4861,15,1
idhren_mund_haradrim,0.09752,3,0
imrath_galas_alph,1.903,0,0
in_pendrath_glass,0.4109,0,0
ingem_rach_parf,0.2407,7,0
iphant_forodrim_Mirion,0.8181,0,0
iphant_harad_gas,0.3797,7,0
ira_gwaun_imrad,0.2492,7,0
ira_rochir_fae,0.4036,7,0
ithildin_salph_panas,0.8035,0,0
lain_aranarth_rochir,0.4711,7,0
lalaith_naer_rochir,0.5107,7,0
lavan_ris_uanui,0.3738,7,0
law_heledh_sammar,1.757,0,0
lebed_thurin_rodwen,0.1302,0,0
lhug_adar_cabed,1.129,0,0
lhug_aes_andrann,0.3297,7,0
limlug_nestad_imrath,0.2745,7,0
luith_min_imrad,0.8724,0,0
maen_gaur_faradrim,0.7506,0,0
maethor_tann_daen,0.5107,15,1
magol_lend_nidh,0.2658,7,0
manadh_erchion_Dornhoth,1.933,0,0
meldir_hwiniol_callon,0.4804,7,0
menel_gorn_gwador,0.7995,0,0
menel_rochir_bregedur,0.6151,0,0
meril_lin_hand,0.402,7,0
merilin_balrog_lossen,0.3634,7,0
merilin_haeron_lain,1.285,0,0
min_corf_per,0.4532,7,0
min_glass_Elrim,0.3964,0,0
minai_meldir_tinnu,0.4909,7,0
minas_lebed_midh,0.387,7,0
mindon_lebdas_Rochirrim,0.9918,0,0
mithril_dannas_yll,0.2335,7,0
muinthel_fast_yll,1.14,0,0
mund_Tawarwaith_firion,0.397,0,0
myril_glass_corch,1.204,0,0
naer_onodrim_yll,0.9734,0,0
narthan_bregedur_honeg,0.5903,0,0
navaer_ithron_gil,0.6403,0,0
nestad_laug_ennorath,0.3972,0,0
ninglor_thurin_Rochirrim,0.2494,7,0
nur_Eru_haradrim,0.2832,7,0
ogol_glamog_Gwathuirim,2.966,0,0
onodrim_cuin_ogol,0.4599,0,0
panas_aith_harad,0.7987,0,0
parf_malad_melethron,0.6723,0,0
pendrath_alph_luin,0.4777,15,1
pennas_lunt_tinnu,0.4195,15,1
pennas_rhun_gador,1.892,0,0
pent_aduial_salph,1.072,0,0
perian_hador_heron,0.335,7,0
pethron_fervain_gaur,0.4009,7,0
raegdan_adel_bragol,2.523,0,0
randir_laer_tathar,0.4987,0,0
raug_riel_lain,0.2528,7,0
rhach_acharn_ai,0.4044,7,0
rochir_glamog_edlothiad,0.4108,7,0
rochir_iar_Elrim,0.325,7,0
rochir_lebdas_panas,0.8474,0,0
rochir_rhovan_hun,0.279,7,0
rochir_yll_ingem,0.4912,0,0
rom_talraph_dirnaith,0.3729,7,0
rovalug_certh_andrann,0.4777,0,0
rudh_aegas_dirnaith,0.7521,0,0
saer_baug_faradrim,0.3984,0,0
salph_firion_harad,0.8967,0,0
sirion_muil_dirnaith,0.3539,7,0
soga_amon_gwael,1.318,0,0
soga_fervain_thul,0.2451,7,0
tamin_drego_mil,0.7052,0,0
tang_lalaith_laer,1.063,0,0
tavor_aegas_aranarth,0.4027,7,0
toll_gorn_lagor,0.4292,7,0
ungol_glamog_bain,0.9563,0,0
yll_Mirion_hud,0.3734,7,0
Dornhoth_anwar_melethron,1.198,0,0
Dornhoth_drafn_celon,0.2748,7,0
Eluwaith_rom_andrann,0.3687,0,0
Ennor_aduial_thavron,0.4024,7,0
Gwathuirim_rochir_drafn,0.1807,12,0
Ithil_eglan_melethril,0.2847,7,0
Mithrim_alae_cund,0.596,15,1
Rochirrim_araf_nim,0.5553,0,0
Tawarwaith_melethril_drego,0.8836,0,0
Tawarwaith_puig_morn,0.2539,7,0
acharn_magol_nadhras,0.08048,3,0
achas_hal_nana,0.934,0,0
adel_nimp_toll,0.2222,7,0
aduial_malad_gorn,0.2911,7,0
aear_aiglos_nadhras,1.287,0,0
aear_glamog_rodwen,0.5741,0,0
aerlinn_ylf_lagor,1.246,0,0
ah_gwaun_acharn,0.7954,0,0
ai_ylf_tamin,0.06157,5,0
aiglos_inias_tachol,0.4885,0,0
aiglos_per_cenedril,0.2689,7,0
aith_annon_fast,0.1947,3,0
alae_lathron_aran,1.324,0,0
alph_hud_Eru,0.2898,7,0
amarth_riel_tinnu,1.076,0,0
amloth_aith_inias,0.0772,3,0
andrann_Gonhir_cuil,0.6904,0,0
andrann_hun_cirdan,0.2637,0,0
angos_maecheneb_heleg,1.293,0,0
aphadrim_harad_aiglos,1.236,0,0
aran_saew_rodwen,1.925,15,1
bregedur_rom_rochben,0.2135,15,1
cabed_hub_merilin,0.1512,3,0
cair_gwael_lorn,0.9614,0,0
callon_alph_nagol,1.086,0,0
cirion_myril_toll,1.264,0,0
cirion_randir_mil,0.8354,0,0
cugu_rach_fast,0.5789,7,0
cuil_gul_dunadan,0.2312,3,0
cuin_aear_nestad,0.2579,7,0
cyron_fern_tamin,0.6068,0,0
cyron_lalaith_fern,1.475,0,0
drafn_grond_nothrim,0.2514,7,0
draug_aerlinn_gwend,0.1663,3,0
draug_rhun_uir,1.317,0,0
drego_Gonhir_gwaloth,0.516,0,0
drego_rhosc_ithildin,1.27,0,0
dunedhel_raug_adel,0.112,3,0
edlothiad_sammar_ist,0.5609,7,0
eglan_raug_salph,0.261,7,0
elu_talraph_amon,0.3065,7,0
ennorath_calad_minas,1.237,0,0
fae_forodrim_luin,1.59,0,0
fang_nothrim_heledir,0.502,0,0
fast_graw_rusc,0.5868,0,0
firiel_eirien_heledh,0.1394,0,0
firion_heron_rusc,0.1437,0,0
forodrim_lossen_lasguil,0.2354,0,0
forodrim_lost_riel,0.1795,3,0
galad_gwarth_ulug,0.8054,0,0
galvorn_firion_imloth,0.4585,7,0
gil_lebed_gli,1.326,0,0
gil_lembas_thor,0.6125,0,0
glamor_idhren_lasguil,0.4625,7,0
glaur_gaurwaith_nur,0.4854,0,0
gli_haust_lhug,1.196,0,0
gondrath_luithien_cugu,1.766,15,1
graw_bronwe_uan,0.3443,0,0
graw_romru_navaer,0.3746,0,0
grond_aran_melethril,0.7466,0,0
gwador_Sindarin_faun,0.8465,0,0
gwael_Mirion_hend,0.5074,0,0
gwaloth_luith_parf,0.1979,3,0
gwarth_heleg_thul,0.2404,7,0
gwaun_ungol_dunedhel,0.5646,0,0
hador_soga_ah,0.1543,3,0
heledir_bregedur_law,0.4447,7,0
heleg_raegdan_dagnir,0.06615,5,0
helegnen_glamog_myril,1.158,0,0
heron_soga_cabed,0.2161,7,0
hu_lembas_corch,0.9282,0,0
hud_dannas_cuin,0.2397,0,0
hul_dagnir_ablad,0.141,0,0
hul_rochben_lembas,0.7636,0,0
hul_uanui_thamas,0.115,3,0
hun_aegas_tinnu,1.053,0,0
imlad_raug_gond,0.8586,0,0
imloth_hadhod_adan,0.2818,7,0
imloth_ithildin_aith,0.664,0,0
imrad_thamas_hervess,0.5785,0,0
ist_sador_bregedur,1.152,0,0
ithron_tirith_menel,0.215,0,0
lagor_aduial_Dornhoth,0.702,0,0
lain_faradrim_inias,0.1168,3,0
law_ablad_adab,0.5533,0,0
lebdas_gwend_firiel,0.2775,7,0
lebdas_saig_rach,0.7111,0,0
lebenedh_Eru_lost,0.4506,0,0
lend_dirnaith_ryn,0.4378,7,0
lin_cyron_amloth,0.2374,0,0
lobor_gond_lossen,0.5259,0,0
lost_malad_ist,0.2931,7,0
luith_echad_gil,1.113,0,0
lunt_aear_iaun,0.2234,7,0
maecheneb_rhach_morn,0.3509,7,0
magor_amdir_glass,1.135,0,0
malad_cabor_Sindarin,0.558,15,1
menel_uanui_cae,1.387,0,0
midh_raef_haust,1.03,0,0
minai_callon_rusc,0.8644,0,0
mir_aglareb_Eluwaith,1.951,15,1
mithril_aderthad_gilgalad,0.6861,0,0
mithril_dam_agarwaen,0.5271,6,0
morgul_fae_glass,1.279,0,0
muil_baug_Dornhoth,0.3106,7,0
mund_grond_amarth,0.3022,7,0
naer_emel_nidh,1.238,0,0
nagol_paich_Eluwaith,0.9212,0,0
narthan_lacha_iaun,0.8868,0,0
nell_tinuviel_adel,0.2177,15,1
nidh_lembas_imloth,1.029,0,0
nimbrethil_annon_raug,1.305,0,0
nothrim_forodrim_raef,0.2286,7,0
onodrim_archam_thor,0.273,7,0
panas_midh_cuin,0.06128,5,0
pendrath_Rochirrim_perian,0.5663,0,0
pendrath_calad_magol,0.8872,2,0
pendrath_gond_faen,0.2483,7,0
pennas_haeron_gwael,0.2131,7,0
puig_mereth_badhor,0.2476,0,0
riel_helegnen_achad,0.5059,0,0
ris_tobas_parf,0.664,0,0
rist_galas_angos,0.9933,0,0
rodwen_randir_aerlinn,0.3751,7,0
saig_ang_edlothiad,0.3097,7,0
saig_lam_callon,0.5179,0,0
salab_pess_galvorn,0.2237,7,0
salph_fern_tamin,1.271,0,0
sirion_nim_rom,0.589,6,0
sogannen_rhun_lavan,0.2639,7,0
talraph_Ithil_caras,0.2604,7,0
tang_hu_soga,0.1873,12,0
tang_uanui_malad,0.1918,3,0
tann_braig_melethron,0.3603,0,0
tathar_tinnu_eryn,0.4502,7,0
tegilbor_Mithrim_myril,1.708,0,0
thangail_galadh_rodwen,0.215,15,1
thavron_rodwen_melethril,0.5497,0,0
thul_ungol_glamog,0.8448,0,0
tinuviel_min_riel,0.5709,6,0
tirith_aes_uir,0.08426,3,0
toll_saew_mil,0.4047,7,0
uanui_mindon_per,0.6839,0,0
ungol_iar_law,1.121,0,0
ylf_meldir_amloth,0.5353,15,1
Dornhoth_archam_grond,0.226,0,0
Dornhoth_pennas_emel,0.2163,0,0
Druadan_tavor_fae,1.874,0,0
Ennor_Tawarwaith_paich,0.3948,7,0
Ithil_fuin_salph,0.307,0,0
Mirion_gwathui_thor,0.4528,0,0
Tawarwaith_raegdan_nost,1.831,0,0
ablad_puig_manadh,0.3666,7,0
achad_corch_nothrim,0.2109,7,0
adab_rochben_lathron,0.7902,0,0
adar_glass_cenedril,0.5959,6,0
adar_lam_rist,0.4462,7,0
agar_Tawarwaith_Sindarin,1.277,0,0
aglareb_angos_sador,0.358,7,0
agor_aes_laes,0.4893,0,0
ah_imrad_ai,0.3052,7,0
ah_ungol_nath,1.821,0,0
ai_limlug_ninglor,0.9295,0,0
aiglos_aeglir_ryn,0.3719,7,0
aith_certh_midh,1.139,0,0
alagos_nadhras_iar,0.2176,7,0
amath_haust_eilian,0.3505,0,0
amloth_uruk_cuin,0.4911,0,0
anann_per_pess,0.2841,7,0
angos_achad_hu,0.219,6,0
ank_sammar_rudh,1.185,0,0
annon_bragol_heledir,0.9397,0,0
aran_hand_in,0.2208,0,0
aras_riel_heleg,0.8573,0,0
badhor_Sindarin_laer,1.883,0,0
baneth_thurin_meldir,0.6071,15,1
barad_cirion_haust,0.3337,7,0
cae_gador_gli,0.4939,8,0
calad_aranarth_pent,0.4027,7,0
callon_cuil_Druadan,0.09532,3,0
caras_aduial_laes,0.4324,7,0
celeb_tegilbor_min,0.9064,0,0
cirdan_glamog_glae,0.3541,7,0
corf_law_lang,0.2542,7,0
cuil_cae_dunedhel,1.089,0,0
edlothiad_eglan_lang,0.4248,0,0
eglan_lebdas_haradrim,0.4203,7,0
ennorath_lalaith_bragol,0.4158,7,0
espalass_fuin_mereth,1.249,0,0
faen_andrann_certh,0.2995,7,0
faradrim_rust_vin,0.3234,7,0
faun_dunedhel_puig,0.3307,7,0
faun_gellui_saelor,1.711,0,0
fervain_badhor_neledh,0.9936,0,0
firiel_corf_annon,0.179,3,0
firion_loss_romru,1.466,0,0
galad_morn_rhovan,0.3236,7,0
galad_sammar_amloth,0.5081,7,0
galadh_gaw_imloth,0.3939,0,0
galadh_gorn_rusc,1.032,0,0
galvorn_uanui_merilin,0.4466,7,0
gas_grond_manadh,0.2866,7,0
gath_eglan_baneth,0.8277,0,0
gath_talraph_iaun,0.6399,15,1
gaw_aphadrim_melethron,0.5349,7,0
gellui_aes_nur,0.3121,0,0
glandagol_Sindarin_magor,0.5481,0,0
glandagol_puig_curunir,0.3166,0,0
glandagol_riel_drego,0.2864,7,0
gobennas_gondrath_imloth,0.4158,0,0
gorn_tathar_nadhras,0.4185,0,0
graw_randir_gaurwaith,1.215,0,0
grond_lagor_yll,1.189,0,0
grond_rhosc_gwarth,0.4061,0,0
gwachaedir_aegas_bregedur,1.578,0,0
gwael_cae_heledir,0.2934,0,0
gwanur_rudh_ang,1.229,0,0
gwend_nim_draug,0.382,7,0
gwilwileth_midh_minuial,0.2176,6,0
hadhod_celon_hub,1.08,0,0
haeron_thul_nothrim,0.397,7,0
hal_glamog_uruk,0.7684,0,0
harad_amath_cenedril,0.1906,0,0
harad_mil_amlug,0.2263,7,0
haradrim_dol_lasguil,0.4068,7,0
haudh_imloth_alph,0.1515,0,0
heledir_ist_anann,0.162,0,0
honeg_merilin_midh,0.1891,3,0
hun_hervess_randir,0.4089,0,0
imrad_lavan_forodrim,0.8987,0,0
in_suil_firen,0.4117,0,0
ingem_noroth_imloth,0.2293,7,0
ithron_navaer_soga,0.2797,0,0
lacha_drego_thul,0.3035,0,0
laer_talraph_mil,0.3574,0,0
law_faun_sogannen,0.2159,7,0
lebdas_daen_duin,0.3464,7,0
lembas_perian_aeruil,0.213,0,0
lembas_saew_ist,0.6201,6,0
lend_nana_mindon,0.3096,7,0
limlug_nestad_erchion,0.919,0,0
lin_gwaloth_hu,0.476,15,1
lobor_saer_limlug,1.236,0,0
lorn_ithron_bain,1.405,0,0
lossen_drafn_aran,0.2103,7,0
lost_curunir_noroth,0.1789,3,0
lost_emel_elvellon,0.2239,7,0
malad_aderthad_gil,0.375,7,0
melethril_maecheneb_gador,0.287,7,0
melethron_hu_nimbrethil,1.145,0,0
mereth_romru_mir,0.1466,0,0
meril_eglan_guldur,0.3778,0,0
merilin_min_iphant,0.2203,7,0
midh_thangail_rist,0.3544,7,0
mil_guldur_gaw,0.1465,0,0
mil_ryn_tang,0.7588,0,0
mindon_gwador_raegdan,0.3725,7,0
morgul_espalass_lacha,0.2502,7,0
muil_thamas_nell,0.9616,0,0
muinthel_tann_amath,0.9641,0,0
myril_drego_amath,0.2648,7,0
narthan_gli_law,0.1022,3,0
navaer_neledh_Ithil,0.1532,0,0
nell_galas_rhun,0.8816,0,0
nell_navaer_minas,0.2132,6,0
nidh_ist_nestad,1.264,0,0
nidh_nim_firen,1.089,0,0
ninglor_lavan_menel,1.198,0,0
nothrim_iphant_tegilbor,0.6197,0,0
nur_nath_gorn,0.9376,0,0
parf_ingem_iphant,2.464,0,0
peredhel_luithien_rusc,0.4955,0,0
pilin_rust_glae,1.218,0,0
rach_Ennor_sador,0.4899,0,0
raegdan_nell_Mithrim,0.4005,7,0
raug_nimbrethil_peredhel,0.2868,0,0
rhach_lobor_nidh,0.3203,0,0
rhosc_galadhrim_rhovan,0.6026,15,1
rhosc_lain_parf,0.8954,0,0
rist_pethron_ris,0.4647,7,0
rodwen_harad_adar,0.1316,0,0
rodwen_tinnu_mund,0.3579,7,0
rom_maecheneb_lacha,0.5086,15,1
romru_grond_ninglor,0.6757,0,0
rovalug_aranarth_draug,1.016,0,0
rovalug_iar_espalass,0.6586,0,0
rudh_imrath_meril,0.4806,8,0
ruith_amon_yll,0.2312,7,0
ruith_drafn_certh,0.5805,6,0
rust_eredh_magor,1.029,0,0
sador_eryn_rochben,0.3965,7,0
saew_rovalug_badhor,0.3514,7,0
tachol_anwar_mindon,0.5125,15,1
tachol_lembas_iaun,0.08512,3,0
talraph_midh_nimbrethil,0.601,7,0
talraph_minas_Mirion,0.6565,0,0
tathar_lavan_maen,0.2487,7,0
tavor_lembas_sogannen,0.9648,0,0
tegilbor_thamas_thangail,1.165,0,0
thamas_rodwen_glandagol,0.3826,7,0
thangail_raegdan_Gonhir,0.1845,0,0
thavron_curunir_nell,0.4578,0,0
thul_bronwe_dunedhel,0.3902,7,0
thul_dunedhel_acharn,1.3,0,0
tirith_raef_meril,0.4223,7,0
ulug_talraph_manadh,0.2945,7,0
uruk_eglan_imrad,1.803,0,0
uruk_ira_honeg,0.3752,7,0
vin_araf_gwador,0.3526,7,0
yll_rusc_cabor,0.2924,7,0
Dornhoth_certh_iaun,0.4052,7,0
Elrim_nana_dagnir,2.164,0,0
Mirion_saer_curunir,0.1318,7,0
Sindarin_cund_amloth,0.267,0,0
ablad_maen_aranarth,0.5095,7,0
achad_minas_adan,0.7176,0,0
achad_thamas_hend,0.1391,3,0
achas_lavan_saig,0.766,1,0
aderthad_cair_agar,0.1938,13,0
aear_salab_cuin,0.9912,0,0
aeruil_tavor_ogol,0.04243,0,0
agarwaen_galadh_galadhrim,0.8881,0,0
agor_glass_glamog,0.8473,0,0
agor_gondrath_pent,0.5162,0,0
ah_rom_firion,0.5102,6,0
ah_sammar_nost,0.7998,1,0
aiglos_bass_yll,0.1816,0,0
amarth_min_thamas,0.2223,7,0
amath_ylf_glamog,0.6593,7,0
andrann_luithien_Ennor,0.1501,3,0
archam_roch_faradrim,0.4503,0,0
badhor_rist_maecheneb,1.434,0,0
bain_gwaloth_navaer,0.2895,0,0
bain_haudh_lost,0.3432,7,0
bain_ylf_hun,1.079,0,0
balrog_fervain_pent,0.3542,7,0
baneth_celon_lossen,0.4407,0,0
barad_bregedur_ai,0.148,3,0
bass_lossen_nim,0.5116,0,0
baug_randir_loss,0.04237,0,0
cabed_cirion_nidh,1.081,0,0
cabed_dol_cenedril,1.093,0,0
cair_rhosc_raug,0.3087,0,0
caras_mund_tavor,0.7463,0,0
celair_lossen_salab,0.393,0,0
cirdan_ulug_tathar,0.4053,7,0
corch_rach_balrog,0.1847,0,0
corch_ruith_eredh,0.3539,7,0
cugu_luin_ai,0.4902,7,0
cund_andrann_aerlinn,1.285,0,0
cyron_Tawarwaith_angos,0.218,13,0
cyron_mithren_gilgalad,1.628,0,0
daen_cair_gondrath,0.517,7,0
drafn_fae_hun,1.423,0,0
drego_laes_amlug,0.5288,0,0
duin_rhovan_ryn,0.3938,0,0
dunadan_tirith_thor,0.2697,7,0
eglan_baneth_lacha,0.1731,0,0
eirien_cenedril_nur,0.9922,0,0
eirien_riel_aegas,0.1667,3,0
elvellon_faen_gwarth,0.4652,0,0
emel_Sindarin_vin,2.298,0,0
emel_mund_aderthad,0.4682,0,0
fae_thurin_midh,2.049,0,0
faen_fae_rhovan,0.4011,0,0
faradrim_ennorath_haradrim,0.7824,0,0
fast_alae_lachenn,0.2881,7,0
faun_thul_malad,0.3924,0,0
fervain_rochben_Rochirrim,2.41,0,0
galadhrim_minas_aras,0.1846,3,0
galadhrim_nadhras_aras,0.3654,7,0
galadhrim_rist_tinuviel,0.4896,7,0
gaur_lossen_lend,0.2104,7,0
gaw_draug_laes,1.415,0,0
gellui_harad_callon,0.9962,0,0
gilgalad_archam_hun,0.3504,0,0
glae_faradrim_merilin,0.8096,0,0
glamog_pod_ai,0.128,7,0
glamor_haradrim_anann,0.2972,0,0
gobennas_alae_lhug,0.2334,7,0
grond_rhun_ennorath,2.361,0,0
gwador_bass_tegilbor,0.4486,0,0
gwador_haradrim_tegilbor,0.7536,0,0
gwador_rist_hud,0.1438,7,0
gwaloth_melethron_dunadan,0.5774,0,0
gwathui_guldur_lasguil,0.2743,7,0
gwilwileth_adel_amloth,0.1673,0,0
gwilwileth_muinthel_iphant,0.4746,0,0
haeron_naer_cirion,0.2275,7,0
haeron_rochben_pethron,0.1846,0,0
haudh_ingem_nim,0.6719,0,0
heledh_fang_nagol,0.1916,0,0
heledir_gilgalad_magor,0.9512,0,0
hend_graw_talraph,0.4397,7,0
hend_morn_thurin,1.151,0,0
hud_eryn_ylf,0.8354,15,1
hun_hador_pod,0.978,0,0
hwiniol_andrann_faen,0.8452,0,0
iaun_muil_bass,0.1974,0,0
idhren_cyron_espalass,0.5209,0,0
imlad_lavan_mund,0.6483,0,0
imlad_panas_gil,0.559,6,0
imloth_bronwe_tathar,0.5054,7,0
inias_Ithil_hand,0.1622,0,0
ira_Eru_gul,0.72,0,0
lacha_pod_Mithrim,0.5825,0,0
lam_muinthel_minai,0.4162,7,0
laug_dam_corf,0.4548,7,0
lebdas_lhug_puig,0.7948,0,0
lebenedh_luith_luin,0.5366,0,0
lembas_navaer_nagol,0.2217,7,0
lin_noroth_uir,0.6414,0,0
luith_faun_aglareb,0.3431,0,0
lunt_cenedril_toll,0.7943,0,0
maecheneb_manadh_achad,0.4046,0,0
maen_amloth_alag,0.3142,0,0
magol_bronwe_parf,0.4233,7,0
magol_honeg_sirion,0.5421,0,0
magol_menel_gwael,0.5126,0,0
meldir_eglan_mirdan,0.5189,0,0
melethril_imlad_mindon,0.5422,0,0
melethron_Rochirrim_Mithrim,0.7999,15,1
merilin_gwanur_meldir,0.549,0,0
min_lunt_eryn,0.6933,0,0
minuial_gondrath_gwaloth,0.1913,13,0
minuial_morn_hador,0.3766,7,0
mir_agar_aphadrim,0.1426,3,0
mir_gilgalad_aear,0.3562,0,0
mirdan_amlug_imlad,2.228,0,0
mithril_minai_honeg,0.4849,0,0
muil_drego_meldir,0.3755,0,0
mund_loss_tinnu,0.8645,0,0
myril_Mirion_lathron,0.777,1,0
nath_corf_hadhod,0.04438,0,0
nath_glass_lossen,0.5623,0,0
nestad_ram_gwaun,0.9876,0,0
nidh_malad_pod,2.187,0,0
nimbrethil_elvellon_hub,0.1631,3,0
nimbrethil_espalass_emel,0.4013,0,0
nimp_aear_lobor,0.4553,7,0
ninglor_haradrim_ryn,0.522,0,0
ogol_Druadan_ennorath,0.5064,0,0
ogol_faradrim_tathar,0.2269,7,0
pendrath_mithril_saelor,0.9258,0,0
pent_celair_riel,0.5248,6,0
per_aras_ninglor,0.5108,7,0
perian_fast_randir,1.341,0,0
perian_iar_neledh,1.163,0,0
pilin_lebenedh_cund,0.7576,15,1
ram_ai_lathron,0.1825,3,0
roch_pilin_galadh,0.3779,0,0
rochir_thamas_celair,0.4383,7,0
rom_harad_glaur,0.3097,0,0
rom_pethron_galvorn,0.7177,0,0
ruith_archam_emel,0.541,0,0
rusc_navaer_eirien,0.6509,0,0
rust_noroth_lathron,1.055,0,0
saer_romru_Sindarin,0.3866,0,0
salab_mirdan_Mirion,1.329,0,0
suil_dannas_haradrim,0.2816,7,0
thangail_aduial_pendrath,0.299,7,0
thavron_anwar_gwanur,1.027,0,0
thor_ennorath_rovalug,0.4841,0,0
thul_guldur_menel,2.004,0,0
tinuviel_Gwathuirim_aduial,1.143,0,0
tirith_celeb_aeglir,0.1868,0,0
tobas_cabed_andrann,1.379,0,0
uir_galas_ablad,0.153,3,0
ulug_dagnir_tang,0.2768,7,0
ulug_ram_amath,0.4178,0,0
uruk_galvorn_hadhod,2.383,0,0
ylf_dunedhel_araf,0.7152,0,0
Gonhir_rochir_Mirion,0.7126,0,0
Sindarin_lalaith_bregedur,1.245,0,0
Tawarwaith_cabed_aeglir,1.356,0,0
Tawarwaith_gaw_in,0.1744,3,0
achad_fae_eilian,0.4067,7,0
adan_Druadan_annon,2.76,0,0
adar_hadhod_soga,0.4391,7,0
aegas_Druadan_gli,1.473,0,0
aegas_ank_ungol,1.055,0,0
aes_baug_lobor,0.3539,7,0
aes_min_uan,0.8019,1,0
agar_iar_glandagol,0.5131,7,0
ah_calad_mithren,1.19,0,0
alae_Sindarin_lembas,1.136,0,0
amdir_minuial_pod,0.2032,7,0
amlug_grond_rudh,0.3885,7,0
anann_rhovan_Gwathuirim,0.4561,0,0
ank_anann_cugu,0.3014,15,1
aran_gwachaedir_lost,1.495,0,0
aranarth_aear_faradrim,0.3637,0,0
badhor_Dornhoth_heledh,0.4029,7,0
bregedur_celair_nost,0.6312,0,0
cair_rudh_Sindarin,0.2198,3,0
celeb_imlad_paich,0.4998,7,0
cenedril_inias_myril,0.2403,0,0
cirdan_adel_dunadan,1.188,0,0
corch_Eru_laes,0.8866,0,0
cugu_nothrim_heleg,0.146,7,0
cuil_harad_nath,0.6788,0,0
daen_tavor_cabor,0.5418,0,0
dam_faradrim_elu,1.251,0,0
dirnaith_gwathui_hud,0.5629,0,0
dol_glae_forodrim,1.428,0,0
draug_andrann_rhovan,0.4453,7,0
draug_roch_mithren,1.617,0,0
dunedhel_elvellon_daen,1.613,0,0
ennorath_haust_Gwathuirim,1.536,0,0
fae_rust_laes,2.971,0,0
faen_lass_harad,0.1773,7,0
faen_pennas_melethril,0.4215,0,0
firion_gaw_fervain,0.6065,0,0
forodrim_amarth_cabed,1.59,0,0
galadhrim_gellui_lass,0.6724,0,0
gaur_glae_raug,0.7419,0,0
gellui_aderthad_midh,0.2358,3,0
gellui_rist_muil,0.4892,0,0
glamor_peredhel_cenedril,0.2385,0,0
glass_galad_faen,0.4699,0,0
gli_bain_sirion,0.188,0,0
gli_caras_aeruil,1.399,0,0
gli_panas_in,0.4626,0,0
gobennas_lathron_draug,1.4,0,0
gobennas_meril_nell,0.1648,3,0
graw_glae_aran,0.493,0,0
grond_acharn_elvellon,0.1878,3,0
grond_celon_lunt,0.7473,0,0
hadhod_gwathui_nath,0.3592,0,0
haeron_ogol_haudh,0.5754,0,0
harad_puig_merilin,0.6438,0,0
haudh_cabor_lass,0.2475,3,0
haudh_gaw_Dornhoth,0.5637,0,0
haudh_laug_nadhras,0.1691,7,0
haust_galenas_ithron,0.5331,0,0
hervess_ruith_braig,0.6391,0,0
honeg_naer_gorn,0.1945,7,0
iaun_bregedur_cuin,0.3803,0,0
iaun_naer_cenedril,0.1445,7,0
idhren_eredh_hast,0.3542,7,0
idhren_laug_aras,1.457,0,0
imloth_ogol_galvorn,0.5768,0,0
in_bragol_sammar,0.6918,0,0
inias_agor_gilgalad,0.6356,0,0
iphant_ah_magol,0.7385,1,0
iphant_rovalug_bellas,0.8057,1,0
lachenn_calad_cuin,0.1322,3,0
lavan_paich_rhun,0.7384,0,0
law_ingem_navaer,0.344,7,0
lebenedh_merilin_gwaun,0.1906,0,0
lend_hend_suil,0.4337,7,0
lin_gondrath_bass,0.6952,0,0
loss_alagos_ogol,1.678,0,0
maecheneb_galenas_corf,2.009,0,0
magol_gwaun_bragol,0.8414,0,0
minai_gul_hast,0.451,7,0
minas_lebenedh_celeb,1.238,0,0
mir_suil_hub,0.9256,0,0
myril_lagor_malad,0.3788,7,0
nagol_cabed_firion,0.5993,0,0
neledh_Mirion_mithren,0.2182,3,0
neledh_rom_thor,0.547,0,0
nell_adar_salph,0.3386,7,0
nestad_bain_fervain,1.49,0,0
nidh_navaer_tobas,0.5962,0,0
nimbrethil_Gwathuirim_salph,0.7925,0,0
ninglor_rhovan_midh,0.2899,15,1
noroth_romru_aear,0.6773,0,0
noroth_tirith_luithien,0.4706,7,0
panas_duin_annon,0.1138,3,0
pendrath_amdir_lossen,0.2063,7,0
pendrath_lasguil_lang,0.1935,3,0
pent_alag_anwar,0.5048,0,0
per_echad_erchion,0.4977,7,0
rach_dunadan_ennorath,0.7335,0,0
rach_heron_min,0.6922,0,0
raegdan_ah_glamog,0.558,0,0
ram_malad_tinnu,0.521,7,0
randir_Gonhir_rusc,0.1774,3,0
randir_bellas_acharn,0.3269,7,0
raug_lathron_gorn,0.4915,0,0
rhovan_ulug_thurin,1.275,0,0
roch_iphant_firen,0.5316,0,0
rochir_nidh_mil,0.3734,7,0
rom_adel_lorn,1.215,0,0
ruith_gaw_pethron,1.599,0,0
rusc_aduial_laes,0.5749,0,0
ryn_fuin_guldur,0.1528,7,0
salph_espalass_baneth,0.1279,3,0
suil_gellui_nim,0.3027,15,1
tang_adab_tirith,1.245,0,0
tann_firen_lossen,0.1644,3,0
tavor_bregedur_hervess,0.1859,0,0
thavron_gaur_agar,0.1806,7,0
thurin_espalass_maen,0.5804,0,0
tinnu_Eluwaith_mithril,0.236,3,0
uir_lalaith_Tawarwaith,1.347,0,0
ungol_luin_callon,0.709,0,0
uruk_Tawarwaith_talraph,0.4547,0,0
uruk_dunedhel_firiel,0.3586,7,0
Dornhoth_lavan_ank,2.013,0,0
Druadan_romru_araf,0.3328,7,0
Gwathuirim_mund_ram,0.7045,0,0
Mirion_ingem_ank,0.8483,0,0
Mithrim_haudh_pethron,0.2,3,0
Mithrim_ira_fae,0.4372,7,0
Mithrim_pess_midh,1.021,1,0
ablad_dam_roch,1.055,0,0
adab_rach_pess,0.4616,7,0
aduial_gli_hast,0.445,7,0
aeruil_cugu_rach,0.4327,7,0
aglareb_panas_sammar,0.4422,7,0
ah_gorn_ruith,0.318,0,0
ah_magol_thor,0.816,0,0
ah_sirion_perian,0.3447,7,0
alag_haradrim_celair,0.4706,15,1
alagos_tinnu_sammar,0.5259,0,0
amlug_raegdan_heledh,0.9908,0,0
amon_corf_Druadan,1.282,0,0
ang_midh_hu,0.141,0,0
aphadrim_braig_lin,0.5312,1,0
aras_lembas_bain,0.7301,0,0
archam_alag_rist,0.126,3,0
archam_tachol_pennas,0.8847,0,0
barad_peredhel_minas,0.2875,0,0
bellas_baug_menel,0.4811,7,0
bregedur_ah_aeruil,1.108,0,0
cae_Ennor_hun,0.4772,8,0
cair_bronwe_hador,1.009,0,0
calad_nana_anann,0.3191,0,0
caras_hwiniol_barad,1.298,0,0
celair_yll_myril,1.725,0,0
celeb_malad_alag,0.4678,7,0
certh_hervenn_sammar,0.464,2,0
cugu_gobennas_Tawarwaith,0.3955,7,0
curunir_galas_Mirion,0.7527,0,0
dam_hun_braig,1.12,0,0
dam_melethril_limlug,0.8068,0,0
dannas_ira_amath,1.098,0,0
dirnaith_muinthel_Elrim,1.244,0,0
drafn_balrog_aranarth,1.607,0,0
drego_agor_rust,0.161,0,0
dunadan_Dornhoth_adar,1.026,0,0
dunadan_aeruil_agar,0.3528,7,0
eglan_baneth_haudh,0.3108,3,0
eglan_glamog_lam,0.4965,1,0
elu_guldur_baneth,1.141,0,0
elu_narthan_lang,1.378,0,0
erchion_angos_dam,1.524,0,0
eredh_hul_rovalug,0.7935,0,0
fern_lass_eglan,0.328,0,0
forodrim_thavron_imrad,0.4589,7,0
gath_Eru_neledh,1.064,1,0
gath_meldir_saer,0.4502,7,0
gaur_lorn_hend,0.8964,0,0
glae_faradrim_nost,1.665,0,0
gond_tobas_cund,0.5009,7,0
gwachaedir_minuial_aiglos,0.7488,0,0
gwador_uan_lam,0.3566,7,0
gwaloth_amloth_fast,1.445,0,0
gwaloth_luith_cund,0.5342,1,0
gwaloth_morn_iar,1.618,0,0
hador_hand_calad,1.809,0,0
hand_cund_hul,0.4182,15,1
hand_echad_tegilbor,1.896,0,0
hand_galadhrim_aith,0.8576,0,0
haudh_thor_pendrath,0.1585,0,0
heledir_lebed_gwend,0.9631,0,0
heleg_amarth_soga,0.4539,15,1
heleg_sogannen_morgul,0.771,0,0
heron_ninglor_saig,1.116,0,0
hervess_gaw_glandagol,1.119,0,0
hub_eilian_loss,1.108,0,0
hub_glandagol_rudh,0.3149,3,0
imrad_pennas_nothrim,1.117,0,0
in_Gonhir_aphadrim,2.051,0,0
inias_adar_gaur,0.1772,3,0
ira_laug_adar,0.3339,7,0
ist_laug_lunt,0.8827,0,0
ithildin_aegas_tegilbor,0.8569,0,0
ithildin_ah_uanui,1.036,0,0
lacha_heledir_minas,0.5195,0,0
lachenn_nothrim_gas,0.7835,0,0
laer_sogannen_idhren,1.354,0,0
lasguil_maethor_gorn,0.1142,0,0
lass_hast_mir,3.305,0,0
laug_dam_nost,0.3372,7,0
laug_galadh_cirdan,1.093,0,0
lavan_drafn_alagos,0.1993,3,0
lavan_hud_annon,0.3333,0,0
lend_nagol_aegas,0.3118,0,0
lhug_raug_fae,0.4007,7,0
luin_achad_ylf,0.3275,7,0
maen_imloth_tavor,0.8044,0,0
menel_saew_uan,0.3551,0,0
merilin_iaun_rhosc,0.9839,0,0
midh_gwaun_cund,0.9604,0,0
mir_galadh_hul,0.92,0,0
mund_gwarth_galadhrim,0.1141,0,0
myril_glaur_forodrim,0.4015,7,0
navaer_eglan_Tawarwaith,0.3007,0,0
nestad_ithildin_faun,1.618,0,0
nidh_hud_aran,0.3125,0,0
nimp_ulug_Sindarin,0.1249,3,0
noroth_haudh_law,0.3082,0,0
onodrim_anwar_faun,0.7804,0,0
onodrim_lagor_ram,0.8051,0,0
onodrim_mithril_uruk,1.643,0,0
paich_amon_nagol,0.9816,0,0
paich_yll_minai,0.3373,0,0
per_Ithil_randir,0.6767,0,0
perian_saig_amdir,1.455,0,0
rach_magol_nothrim,0.8394,0,0
raef_limlug_gobennas,0.4623,8,0
ram_idhren_harad,0.1219,0,0
randir_melethril_lembas,1.03,0,0
randir_tobas_dagnir,0.361,3,0
rhosc_Sindarin_raegdan,1.123,0,0
rhovan_thurin_amdir,0.4865,7,0
riel_hervenn_fervain,0.1393,3,0
rist_cund_grond,0.8532,0,0
rochben_agarwaen_guldur,0.4815,2,0
rochben_ylf_grond,0.6806,15,1
rom_edlothiad_Ithil,1.2,0,0
romru_glass_eglan,0.3813,7,0
romru_hud_tobas,0.6272,15,1
rovalug_randir_pod,1.212,0,0
ruith_nimp_tobas,0.3814,0,0
saelor_gwend_maecheneb,0.4349,7,0
saig_puig_faun,0.8835,0,0
sirion_gwathui_mund,0.8625,0,0
soga_aiglos_fuin,0.4487,8,0
soga_nim_ram,1.118,0,0
soga_pent_aegas,0.4003,7,0
tachol_eirien_drego,1.028,0,0
tachol_saer_ruith,0.542,0,0
tang_aphadrim_gilgalad,0.9207,0,0
tann_achas_lembas,0.4675,7,0
tobas_nagol_laug,0.5005,2,0
toll_lain_haust,1.037,1,0
uanui_thor_cund,1.843,0,0
ungol_melethron_pilin,0.355,7,0
ungol_paich_gond,1.601,0,0
yll_lebenedh_cair,0.3925,7,0
Dornhoth_hervenn_tathar,0.998,0,0
Druadan_tachol_aranarth,1.012,0,0
Elrim_sirion_hwiniol,0.8712,0,0
Eru_gwathui_Mirion,0.3729,0,0
Gonhir_achad_melethril,0.1208,13,0
Ithil_fern_maen,0.9883,0,0
Ithil_sogannen_glandagol,0.6357,0,0
Rochirrim_rust_adab,0.3086,7,0
Sindarin_elu_ah,0.4398,7,0
Sindarin_minas_fervain,0.4504,7,0
achad_adan_balrog,0.583,7,0
achas_eilian_lossen,0.2092,7,0
achas_salab_cenedril,0.4167,7,0
aes_lavan_adan,0.9054,0,0
aes_lorn_pendrath,0.1531,3,0
aes_minai_fervain,0.6867,0,0
agor_annon_rudh,0.3963,0,0
aith_fae_tirith,0.5637,0,0
alae_celon_faradrim,0.1072,13,0
alagos_firiel_gas,1.151,0,0
amarth_firiel_aglareb,1.245,0,0
anann_haradrim_haudh,0.2953,7,0
anann_lasguil_araf,0.1555,3,0
andrann_achad_tinnu,0.3546,0,0
ang_thor_gaur,1.106,0,0
annon_tinnu_faun,1.699,0,0
aran_puig_Druadan,0.3817,7,0
archam_rhach_imlad,0.4722,0,0
bellas_Tawarwaith_nothrim,0.6297,0,0
braig_lend_randir,0.9362,0,0
callon_aiglos_faun,0.3097,7,0
celon_baneth_haudh,1.282,0,0
cirdan_edlothiad_rhovan,1.769,0,0
cund_mereth_tachol,0.4567,7,0
curunir_cund_Ennor,0.277,0,0
dagnir_gador_amath,0.473,7,0
dol_aith_naer,1.378,0,0
drego_gador_haudh,1.009,0,0
echad_roch_pethron,0.5696,0,0
edlothiad_hadhod_uir,1.098,0,0
eglan_dam_saelor,0.4014,0,0
eirien_faen_tobas,2.504,0,0
eirien_thul_gwaun,0.3865,0,0
eredh_galenas_rhosc,0.1501,3,0
fae_meldir_cuin,0.3899,0,0
faen_hast_amath,0.3731,0,0
firen_corch_laer,0.3911,6,0
forodrim_lachenn_rhach,0.363,6,0
fuin_lebenedh_nath,0.1616,7,0
galadh_cuin_sirion,1.188,0,0
galadhrim_talraph_firiel,2.634,0,0
gaurwaith_achad_rochben,0.632,2,0
glae_saelor_Elrim,1.84,0,0
gobennas_ingem_lain,0.7083,0,0
graw_thangail_nana,0.685,0,0
gul_fast_alae,0.3691,7,0
gul_gwathui_hun,0.2736,7,0
guldur_imrath_rhovan,0.3553,0,0
gwaloth_fuin_pendrath,0.2033,15,1
gwathui_gond_luith,0.919,0,0
gwilwileth_gobennas_ris,0.9178,0,0
harad_firiel_ungol,0.2597,7,0
hast_naer_bass,0.8519,0,0
heledh_paich_elu,0.6123,0,0
heledir_ulug_tinuviel,0.1425,3,0
helegnen_nath_inias,1.942,0,0
hu_eglan_magol,0.345,0,0
hu_nost_gwael,0.4959,7,0
hwiniol_adar_faen,0.4309,7,0
iar_lam_certh,0.4873,0,0
iar_narthan_midh,1.872,0,0
ingem_sirion_gwael,0.299,6,0
inias_ulug_honeg,0.3845,6,0
ira_lobor_iaun,0.2163,0,0
ithildin_lembas_uan,0.578,2,0
ithron_aegas_Tawarwaith,1.225,0,0
lain_dannas_aegas,0.5114,0,0
lain_ennorath_laug,0.4584,0,0
lalaith_alag_adan,1.043,0,0
lasguil_suil_nestad,0.5277,0,0
lasguil_thor_narthan,0.402,0,0
lass_alagos_dam,3.013,0,0
lathron_nell_amon,0.5704,0,0
laug_glass_naer,0.6683,0,0
lebenedh_lebdas_elu,0.3189,0,0
lend_adar_yll,0.3605,0,0
loss_agarwaen_laes,0.4593,7,0
lost_calad_tavor,0.1671,7,0
luith_puig_cabed,0.6297,15,1
luith_raegdan_lhug,0.2959,7,0
luithien_maen_lass,0.4633,7,0
lunt_curunir_rusc,0.6111,0,0
maethor_rhach_edlothiad,0.4203,0,0
menel_rhun_gas,1.222,0,0
minai_drego_bragol,0.3061,3,0
minas_lembas_amarth,0.2122,7,0
minuial_Rochirrim_meril,0.5581,0,0
mirdan_ank_ram,0.2389,7,0
mithren_melethron_dannas,0.7755,0,0
mithren_rochben_gwaloth,0.4207,0,0
muil_cuil_rhovan,0.4219,0,0
muinthel_fervain_lend,0.2891,6,0
naer_alae_tobas,0.6359,0,0
nagol_heledir_morgul,0.1583,3,0
navaer_minuial_toll,0.418,7,0
neledh_gwend_naer,0.6132,15,1
nell_talraph_ylf,0.4818,7,0
nestad_lin_corch,0.438,0,0
nimbrethil_gilgalad_rusc,0.6797,0,0
nimp_bragol_hwiniol,0.6307,15,1
ninglor_ablad_Gonhir,0.603,0,0
nost_glandagol_tobas,0.9195,0,0
nost_loss_hal,0.2155,15,1
onodrim_romru_mindon,0.3274,3,0
panas_dunadan_ingem,0.7807,0,0
pent_hul_hand,1.003,0,0
pent_iaun_haeron,0.5304,7,0
pethron_gwaloth_badhor,0.6082,0,0
puig_sogannen_gas,1.733,0,0
rach_ai_barad,1.248,0,0
rach_edlothiad_Sindarin,0.8498,0,0
raef_celeb_tegilbor,1.187,0,0
raug_glamor_haeron,0.5195,7,0
rhovan_malad_pilin,0.6726,0,0
ris_ai_hend,0.2209,0,0
rist_rach_cund,0.5955,2,0
rochben_gwaloth_melethron,0.2171,15,1
rodwen_balrog_rhun,0.4184,0,0
rodwen_nell_gas,0.5058,0,0
rom_cuin_cenedril,0.447,0,0
rudh_hast_drego,0.2843,7,0
rusc_lobor_agarwaen,0.4229,0,0
saig_faun_draug,0.7945,0,0
salph_gondrath_achas,0.1018,13,0
sammar_glae_firiel,0.5029,7,0
sammar_mir_daen,0.1806,3,0
sirion_heron_melethril,1.006,0,0
soga_firion_cugu,1.23,0,0
tachol_barad_baneth,0.3874,7,0
tang_ablad_manadh,1.128,0,0
thul_aeruil_gwaloth,0.4273,0,0
tirith_archam_saew,0.1457,7,0
uanui_mirdan_lacha,3.237,0,0
uir_lavan_Sindarin,0.9627,0,0
ungol_imrath_ruith,0.2972,0,0
yll_gellui_archam,0.8628,0,0
Elrim_hal_amarth,0.4054,0,0
Eluwaith_faradrim_haudh,0.9887,0,0
Eru_iaun_rodwen,2.58,0,0
Mirion_malad_adar,1.266,0,0
Mithrim_firion_achas,1.102,0,0
acharn_adel_baug,0.2151,0,0
achas_hwiniol_nothrim,0.4257,7,0
adel_draug_gas,0.2287,3,0
aderthad_cuil_nimbrethil,0.3474,7,0
aerlinn_hand_gul,0.8902,0,0
ah_sador_imloth,0.6752,0,0
alae_haeron_aphadrim,0.2907,7,0
alae_hend_heron,0.8659,0,0
alag_nimp_laer,0.3836,7,0
alph_alag_lunt,0.2597,15,1
alph_celon_gwaloth,0.439,7,0
amloth_hu_magol,0.796,0,0
anann_nath_echad,0.4106,7,0
anann_talraph_haeron,0.8308,0,0
andrann_calad_gador,0.7931,0,0
ank_ennorath_cuin,0.2475,3,0
annon_callon_cyron,0.3956,7,0
anwar_myril_amon,0.4128,7,0
aphadrim_gwaun_thavron,0.3574,7,0
badhor_rudh_morgul,0.6818,0,0
balrog_Dornhoth_andrann,0.2791,7,0
bass_dol_muinthel,1.5,0,0
braig_hu_badhor,1.252,0,0
braig_randir_gwanur,0.2566,0,0
bregedur_corf_romru,0.4144,7,0
cabed_ang_sirion,0.3433,0,0
cabed_cuil_gondrath,0.4905,0,0
cabed_sador_aranarth,0.8881,0,0
cae_thurin_cabor,0.2712,10,0
cair_maethor_rhun,1.084,0,0
calad_lost_faun,0.9242,0,0
callon_ennorath_andrann,0.3822,7,0
callon_firen_haudh,0.2432,3,0
celeb_Ennor_hal,0.2671,7,0
cirdan_galas_hand,0.8408,0,0
cirdan_rochir_mil,0.5276,0,0
cirion_dagnir_ruith,0.466,0,0
cirion_roch_tirith,0.667,0,0
corf_suil_uruk,1.236,0,0
cugu_lembas_celon,0.93,0,0
dol_heleg_fast,0.8776,0,0
draug_ah_hul,0.797,0,0
duin_espalass_annon,0.2005,0,0
dunedhel_panas_cenedril,0.4589,0,0
eglan_imrad_hervenn,0.3558,7,0
elu_neledh_aras,0.2558,7,0
elvellon_archam_lorn,0.1685,7,0
ennorath_eirien_balrog,0.3261,7,0
eredh_glamor_alag,0.4179,7,0
fang_haradrim_rhach,0.714,0,0
faradrim_Mithrim_Druadan,0.2894,7,0
faradrim_tachol_drafn,0.4947,6,0
faun_agar_dam,0.3724,7,0
fuin_hal_hand,0.6044,0,0
galadhrim_soga_anwar,0.6946,0,0
gaurwaith_suil_fang,1.54,0,0
gilgalad_braig_maen,0.3726,0,0
glamor_hul_firiel,0.8438,15,1
glass_cirion_agar,0.2733,15,1
grond_bass_andrann,0.4943,7,0
gwilwileth_hwiniol_adar,0.4645,7,0
hadhod_aran_gaw,0.7157,0,0
haeron_araf_eryn,0.1646,7,0
heledir_gil_gilgalad,0.511,0,0
heledir_gorn_pethron,0.5549,0,0
heleg_nur_limlug,0.2606,7,0
heleg_rhovan_iar,0.3024,7,0
heleg_rom_Sindarin,0.5481,0,0
hervenn_firion_sirion,0.467,6,0
hub_grond_barad,0.2633,15,1
hul_Ennor_nimbrethil,0.7371,0,0
hun_cuin_maen,1.107,0,0
iar_gul_gobennas,0.1727,7,0
iaun_pendrath_nimp,0.2815,0,0
ira_ennorath_minuial,0.6368,0,0
ist_bregedur_eilian,1.416,0,0
lacha_rochir_nath,0.3939,0,0
lagor_tinnu_gli,0.2495,3,0
lang_imloth_lobor,0.3993,0,0
lend_andrann_raug,0.4068,7,0
lhug_eredh_puig,0.9339,0,0
lhug_hu_mir,1.199,0,0
maecheneb_cund_lavan,0.8846,15,1
maecheneb_uruk_dagnir,0.3028,10,0
magol_Eluwaith_lossen,0.6947,0,0
meldir_rach_iar,2.686,0,0
midh_ist_thangail,0.4075,0,0
minai_manadh_gwathui,1.188,0,0
morn_maecheneb_narthan,2.049,0,0
muil_aderthad_cirdan,0.4452,0,0
mund_rudh_saig,0.4401,0,0
neledh_morgul_glaur,0.8684,0,0
nim_idhren_Mirion,0.2637,0,0
nimp_hast_firiel,0.3543,7,0
noroth_magol_faun,0.4214,7,0
noroth_raug_cirdan,0.8566,0,0
ogol_thul_rodwen,0.3326,7,0
onodrim_fervain_ninglor,0.4409,0,0
onodrim_heleg_lalaith,0.6536,0,0
paich_Druadan_tachol,1.115,0,0
paich_alae_honeg,0.227,3,0
parf_tang_pess,1.156,0,0
pendrath_cirdan_thor,4.723,0,0
pendrath_gwend_riel,0.7285,0,0
pendrath_lalaith_haeron,0.684,0,0
peredhel_espalass_amarth,0.53,7,0
peredhel_pennas_archam,0.226,3,0
pess_aeruil_anwar,0.4194,7,0
pess_ingem_thamas,1.339,0,0
pod_faun_sammar,0.3598,7,0
pod_minai_salab,0.4002,0,0
raef_Tawarwaith_mund,0.4029,7,0
rhosc_onodrim_mund,0.5205,6,0
riel_hervess_thamas,3.483,0,0
ris_nidh_bregedur,0.601,0,0
ris_tavor_navaer,3.169,0,0
roch_amloth_laer,0.5618,0,0
rom_Mithrim_galenas,0.3995,7,0
rom_lobor_lachenn,0.5531,0,0
rudh_cabor_adab,0.276,10,0
rudh_per_adar,0.3329,7,0
rust_pilin_balrog,0.4214,7,0
rust_raug_eglan,0.1781,15,1
rust_sador_emel,1.068,0,0
ryn_cenedril_mil,2.617,0,0
ryn_salab_hul,0.2351,3,0
saelor_glass_gath,0.4306,0,0
saer_archam_heledh,0.4356,7,0
saig_minuial_ungol,0.9496,15,1
salab_cabed_pilin,0.5664,7,0
salph_Eru_mithren,0.256,3,0
sammar_corch_fae,0.2474,3,0
soga_saer_elvellon,0.3666,7,0
suil_corf_cae,0.8794,0,0
suil_pennas_amdir,0.9745,0,0
talraph_myril_aras,0.2056,15,1
tamin_ah_hul,0.3366,7,0
tathar_myril_nothrim,0.3619,0,0
tegilbor_corf_alph,1.03,0,0
thamas_edlothiad_saer,0.4508,0,0
tobas_rist_rhach,0.2873,7,0
uanui_muil_emel,0.893,0,0
uir_alag_aran,0.5225,0,0
ungol_bregedur_faen,0.3489,7,0
uruk_saig_guldur,1.261,0,0
vin_aranarth_dol,0.1928,15,1
vin_imloth_morgul,1.274,0,0
ylf_Eluwaith_amlug,1.308,0,0
ylf_gwilwileth_glamor,0.5057,0,0
ylf_panas_rust,0.2138,0,0
Ennor_imloth_morgul,0.7532,15,1
Gonhir_fast_romru,0.3017,15,1
Gwathuirim_drego_lebdas,0.748,0,0
Rochirrim_aiglos_achas,0.5624,0,0
Rochirrim_araf_nimp,0.3726,7,0
Rochirrim_nost_aes,0.9489,0,0
Sindarin_gwachaedir_lachenn,0.522,8,0
ablad_vin_faen,0.1817,15,1
adab_faun_aith,0.2369,4,0
adab_peredhel_hend,1.058,0,0
adan_fern_nothrim,0.7057,0,0
adan_galad_alagos,1.037,0,0
adel_pethron_imrad,0.2785,15,1
aeglir_certh_bregedur,0.3452,7,0
aeruil_corch_min,0.3178,15,1
agar_badhor_agarwaen,0.2683,7,0
agar_graw_pethron,0.3111,7,0
agar_neledh_imrath,0.3621,7,0
agor_certh_heron,0.6719,7,0
ai_lorn_Mirion,1.454,0,0
alagos_honeg_bragol,1.119,0,0
amath_ulug_Eru,2.009,0,0
amlug_ithron_Ennor,0.3083,7,0
ank_gwaun_haradrim,0.4326,0,0
balrog_minas_galvorn,0.3792,7,0
barad_amath_salph,0.5419,0,0
bragol_galvorn_gwend,2.248,0,0
braig_adar_laer,0.3362,7,0
bronwe_imloth_ithildin,0.6565,0,0
cae_draug_ryn,0.4899,0,0
cair_muinthel_firiel,1.092,0,0
celair_ang_uan,0.324,15,1
celair_ank_alph,1.123,0,0
celair_gwael_in,0.1804,0,0
celair_mir_fae,0.2537,4,0
corch_forodrim_ira,0.1749,0,0
cuil_helegnen_laug,0.1787,7,0
daen_balrog_min,0.1668,0,0
dagnir_calad_lost,0.1418,7,0
dannas_ira_suil,0.151,3,0
dirnaith_fang_uan,1.614,0,0
dol_bronwe_mindon,0.5616,0,0
drego_thurin_gaur,1.129,0,0
elu_bronwe_lavan,1.166,0,0
erchion_hal_hadhod,0.562,0,0
eryn_badhor_nim,0.5065,0,0
espalass_faun_drafn,0.1676,3,0
espalass_hervenn_alae,0.3304,7,0
fang_iar_pess,0.9835,0,0
fast_aes_lost,1.128,0,0
faun_adab_rust,0.3272,7,0
firen_law_cuin,0.3694,7,0
firiel_meril_gas,1.005,0,0
firion_meldir_hun,0.3612,7,0
galas_gul_ryn,0.6675,0,0
gellui_Elrim_Dornhoth,0.1906,7,0
glamog_minai_paich,0.3231,7,0
glandagol_baneth_thor,0.1699,0,0
glandagol_celeb_maecheneb,0.3326,7,0
glass_maecheneb_rust,0.2355,6,0
gondrath_aear_puig,0.7177,0,0
grond_cabor_achad,0.4938,0,0
gul_ai_lalaith,0.4024,7,0
gwathui_heron_minai,0.6734,0,0
gwend_melethron_cuin,1.888,0,0
gwilwileth_mirdan_minai,0.1375,7,0
hadhod_corch_fae,0.9066,0,0
haeron_angos_cugu,0.3317,7,0
hand_galad_aeruil,0.6494,0,0
harad_neledh_ennorath,0.9752,0,0
haust_amon_Tawarwaith,1.051,0,0
heledh_aeruil_hadhod,0.1871,7,0
hervenn_meril_lathron,0.3659,0,0
honeg_hud_bronwe,0.2158,7,0
hwiniol_ist_baug,1.61,0,0
imrath_helegnen_calad,0.1921,7,0
inias_pilin_edlothiad,1.498,0,0
lachenn_badhor_gwend,0.1818,15,1
lagor_cenedril_lost,0.3455,7,0
lain_luin_cae,1.129,0,0
lam_maecheneb_limlug,0.1656,15,1
lang_ablad_thavron,0.1583,7,0
lang_hervenn_eilian,0.5888,0,0
lebdas_Gwathuirim_rochir,0.2985,7,0
lebdas_ryn_hend,0.7306,15,1
luith_dunedhel_ira,0.6931,0,0
maecheneb_galad_melethril,0.3458,7,0
maethor_faen_cair,0.3346,0,0
magor_dunadan_aran,0.2962,7,0
manadh_loss_nost,0.3398,7,0
meldir_fang_gwaun,0.3893,7,0
meldir_iphant_ris,1.033,0,0
meldir_morn_gul,1.596,0,0
menel_gas_calad,0.2061,6,0
menel_salab_pendrath,0.5276,0,0
midh_morn_eglan,0.2694,15,1
midh_pennas_neledh,0.3255,15,1
mil_honeg_morn,0.4929,0,0
minai_ira_ylf,1.138,0,0
minai_ulug_rudh,0.3829,7,0
minas_Eluwaith_araf,0.3543,7,0
mithril_minai_rodwen,0.3719,0,0
morn_amath_hend,0.3333,7,0
mund_morgul_saelor,0.1493,0,0
myril_bragol_nagol,0.6047,0,0
nadhras_lam_celon,0.3154,7,0
naer_uruk_anwar,2.343,0,0
nagol_amdir_aranarth,1.067,0,0
nagol_gaurwaith_firen,0.2714,4,0
nagol_iar_rust,1.423,0,0
nagol_minai_honeg,0.3919,7,0
nestad_pent_gaur,0.1887,7,0
nimbrethil_saer_saew,0.2018,7,0
ninglor_laes_gwachaedir,1.219,0,0
nothrim_ulug_gellui,0.5676,0,0
paich_glamog_glamor,1.097,0,0
per_glamor_hu,0.3549,7,0
per_maethor_uan,1.35,0,0
pilin_lunt_uruk,0.6187,0,0
rach_nath_gwathui,0.1654,3,0
randir_mir_tobas,0.3623,7,0
rhosc_cuin_gath,0.3672,0,0
rhovan_gwaloth_elvellon,0.5043,0,0
riel_baug_nell,0.1812,0,0
rochben_minas_Elrim,0.2029,7,0
rovalug_pent_lam,0.3607,7,0
rudh_imloth_hu,0.319,7,0
ryn_ruith_celeb,0.5281,0,0
saer_mirdan_calad,1.882,0,0
saer_pendrath_aegas,0.2368,6,0
sirion_aphadrim_amath,0.3627,7,0
soga_Eru_muil,0.7757,15,1
soga_firen_rist,0.6737,0,0
tamin_lam_cenedril,0.6911,0,0
tamin_ungol_baneth,2.589,0,0
tathar_lin_Eru,0.401,0,0
tegilbor_elvellon_hend,0.3364,0,0
thul_lebed_nim,1.026,0,0
thurin_alae_randir,0.3273,0,0
ulug_corch_lam,0.2893,7,0
ulug_hand_gellui,0.3082,0,0
ungol_aeruil_heledh,0.7428,0,0
ylf_rovalug_tinuviel,0.34,7,0
Dornhoth_inias_gond,0.6488,0,0
Druadan_galas_Eluwaith,0.287,0,0
Elrim_cair_amon,1.203,0,0
Gwathuirim_hwiniol_celon,0.2972,7,0
Ithil_minas_elvellon,0.3718,7,0
Rochirrim_haeron_cenedril,1.275,0,0
Sindarin_lam_dunedhel,1.282,0,0
adab_drafn_amloth,0.3684,7,0
adan_rom_alae,0.1623,0,0
aear_glass_morn,0.3024,7,0
aear_lunt_nana,1.624,0,0
aerlinn_Elrim_alph,0.1786,7,0
aes_hub_law,0.2424,7,0
aglareb_thangail_nana,0.7475,0,0
agor_yll_tachol,0.2949,0,0
ah_muinthel_tobas,0.4054,0,0
ai_peredhel_laer,0.2073,15,1
aiglos_roch_nim,0.2907,7,0
alae_eryn_hand,0.1445,0,0
alae_guldur_ithron,0.2929,0,0
alph_ist_faun,0.6487,0,0
anann_saew_aranarth,0.3401,7,0
angos_dagnir_tamin,0.4628,0,0
annon_gwend_lain,0.1821,3,0
annon_lorn_baug,0.3795,0,0
archam_puig_hervess,0.8987,0,0
balrog_aear_Gwathuirim,0.4669,7,0
baneth_nidh_cyron,0.6307,0,0
bass_amarth_elvellon,0.2556,7,0
bass_archam_rhosc,1.294,15,1
bragol_mirdan_ira,0.3069,7,0
braig_minai_ram,0.2858,7,0
bronwe_aderthad_law,0.2426,13,0
cae_Ennor_ulug,1.288,0,0
calad_dol_rhach,0.2708,7,0
callon_perian_ulug,0.3918,7,0
caras_corf_faradrim,1.289,0,0
celair_hud_paich,0.2795,7,0
cirion_ungol_ira,0.1098,15,1
corch_nagol_glaur,0.2649,0,0
cuil_gwanur_panas,0.8581,0,0
cuil_noroth_tachol,0.9398,15,1
daen_loss_Druadan,0.1044,15,1
daen_rochir_galvorn,0.2947,5,0
dol_badhor_gwael,0.28,5,0
duin_cabed_Eru,0.4772,0,0
dunedhel_imloth_nimp,0.268,7,0
dunedhel_saer_lorn,1.461,15,1
edlothiad_corch_cugu,0.008771,7,0
eglan_adar_celeb,0.2236,13,0
eilian_tathar_hend,0.4144,0,0
elu_riel_aear,0.4871,7,0
eredh_narthan_eryn,0.512,7,0
espalass_Eru_lalaith,0.1158,9,0
espalass_dagnir_Mithrim,0.1991,3,0
fae_myril_cugu,1.298,0,0
fern_firen_curunir,1.456,0,0
firen_lachenn_lend,1.351,0,0
firen_ogol_graw,0.5157,7,0
galad_haust_luithien,0.4938,0,0
galenas_gwador_rust,2.984,0,0
gaur_callon_guldur,0.4109,0,0
glamog_ennorath_mil,0.746,0,0
glamog_salph_hador,0.1862,3,0
glandagol_aduial_aderthad,0.7258,6,0
glandagol_morgul_hend,0.3852,7,0
glass_roch_Druadan,1.374,0,0
glaur_heledh_galas,1.755,0,0
gobennas_hul_lhug,0.7324,0,0
gobennas_nath_rochben,0.9371,15,1
gul_glamog_gaur,1.313,15,1
gwachaedir_agar_hud,0.1113,9,0
gwador_erchion_thamas,0.4869,7,0
gwarth_gwanur_adar,0.2419,0,0
gwarth_lebed_pent,0.1845,7,0
harad_rhosc_malad,0.1685,0,0
haradrim_helegnen_iaun,0.19,7,0
hast_heledh_thul,0.8744,0,0
heledir_corch_pennas,0.1257,9,0
heron_bain_glae,0.9981,0,0
heron_gondrath_nimp,0.4674,0,0
hud_sogannen_riel,0.3436,0,0
hul_idhren_iar,2.0,0,0
hun_pilin_mindon,1.376,15,1
hwiniol_Rochirrim_uruk,0.4681,7,0
imlad_Ithil_Elrim,1.097,0,0
imloth_firiel_certh,0.1128,15,1
imrad_in_puig,1.023,15,1
iphant_grond_nimbrethil,0.2691,7,0
ira_laer_nath,1.209,0,0
ist_eglan_rom,0.4014,7,0
lacha_badhor_raug,0.3061,7,0
lachenn_angos_amlug,0.5905,0,0
lachenn_law_vin,0.6578,0,0
laer_cund_elvellon,0.2951,7,0
laes_acharn_tobas,0.4943,0,0
lalaith_min_rhovan,0.4424,7,0
lalaith_tirith_ris,0.3961,7,0
laug_ennorath_glamog,0.398,7,0
lebed_adar_amath,0.2705,0,0
lebed_erchion_emel,0.6828,0,0
lembas_salph_balrog,0.3846,0,0
lend_fuin_helegnen,0.5835,0,0
lend_harad_aith,0.4084,0,0
limlug_saew_Ithil,1.651,0,0
lin_pess_vin,0.3657,0,0
lost_heleg_magol,0.6835,0,0
luith_harad_saelor,0.7129,6,0
lunt_braig_nana,0.3999,7,0
lunt_sogannen_certh,1.361,15,1
maen_dam_heron,1.088,0,0
malad_eryn_gondrath,1.223,0,0
melethril_bragol_tirith,0.5185,0,0
midh_gwachaedir_gli,0.4355,0,0
min_talraph_Sindarin,0.235,15,1
mirdan_gli_paich,0.1548,3,0
muil_faradrim_ungol,0.3752,0,0
nagol_per_tachol,1.46,0,0
narthan_gwaloth_ris,0.1649,3,0
neledh_lang_gwarth,0.2606,7,0
nell_glandagol_dam,0.3017,7,0
nost_archam_annon,0.6627,0,0
nur_bass_curunir,0.3576,7,0
onodrim_galenas_cugu,0.2694,0,0
paich_ungol_hast,0.2983,0,0
panas_hervess_mereth,0.3984,7,0
parf_cugu_magol,0.4211,0,0
parf_heledh_gwathui,0.5056,7,0
pendrath_aes_Eru,0.3965,7,0
pennas_gond_aran,1.51,0,0
pennas_sammar_Dornhoth,1.297,15,1
pent_edlothiad_law,0.8776,0,0
peredhel_tegilbor_dagnir,0.2682,7,0
pess_Mirion_raug,0.3042,7,0
pess_ithron_lebdas,0.7683,0,0
raef_galadh_aran,0.1977,3,0
ram_lebdas_rist,0.3601,0,0
randir_mereth_archam,0.4676,7,0
rist_thamas_bragol,0.1626,3,0
romru_morgul_lossen,0.2597,7,0
rudh_ira_faun,0.3991,7,0
sirion_gellui_adab,0.2483,13,0
talraph_gwend_aeglir,0.641,0,0
tamin_aduial_parf,0.2356,15,1
tathar_helegnen_guldur,0.7234,6,0
tathar_uruk_adel,0.2831,7,0
thamas_gwarth_gwathui,0.3651,0,0
thangail_tang_galvorn,0.3147,7,0
tinnu_imloth_laer,0.3764,7,0
tirith_agarwaen_toll,0.1636,3,0
uir_duin_faun,0.2561,0,0
ulug_vin_Gonhir,0.4456,7,0
uruk_aran_yll,2.747,0,0
uruk_cund_nath,1.19,0,0
Eluwaith_cyron_hwiniol,0.2341,11,0
Eluwaith_nost_magol,0.3935,7,0
Gwathuirim_gwanur_hu,0.2481,3,0
Ithil_menel_agar,0.4117,7,0
Mirion_lain_iaun,0.3429,0,0
Rochirrim_lang_hador,1.042,0,0
Rochirrim_raegdan_tavor,0.4152,7,0
aerlinn_heron_luith,0.4712,15,1
aerlinn_laer_aith,0.1854,7,0
aerlinn_saer_nell,0.4457,7,0
aes_sammar_thul,0.3367,7,0
agarwaen_hu_fervain,0.4963,7,0
ah_saelor_hend,0.1108,12,0
ai_hub_hwiniol,0.5662,0,0
aiglos_ryn_gwael,0.4675,0,0
aith_gwarth_lagor,1.217,0,0
alae_dol_nimp,0.4718,15,1
alae_saew_dannas,0.8778,0,0
amloth_glamog_gwaun,1.318,0,0
anann_uir_ang,0.4055,7,0
anwar_randir_myril,0.3875,14,0
aran_honeg_sirion,0.4045,13,0
baneth_harad_heledir,0.3299,7,0
baneth_tamin_gli,1.959,0,0
barad_ogol_sammar,0.3206,7,0
bass_echad_gwael,1.439,0,0
cabed_gellui_peredhel,0.3905,3,0
cabor_gaurwaith_Gwathuirim,0.966,15,1
cae_Mithrim_fervain,0.4,7,0
calad_lobor_meril,0.3692,13,0
celair_amon_hervess,0.8888,0,0
cenedril_ram_rudh,0.1694,12,0
corf_acharn_vin,0.7817,0,0
cugu_gobennas_lebenedh,0.8673,0,0
cuin_alae_nana,0.2557,0,0
curunir_melethril_galadh,0.2463,0,0
daen_lalaith_cabor,0.4067,7,0
dagnir_Dornhoth_onodrim,0.6854,0,0
dam_lossen_ira,0.3629,7,0
dam_tamin_graw,1.778,0,0
dam_ungol_nestad,0.3303,7,0
duin_firiel_saig,0.3514,0,0
dunadan_helegnen_laes,3.171,0,0
eirien_lunt_rist,0.3739,7,0
eirien_uir_pent,0.4071,0,0
elu_agarwaen_gwachaedir,0.4158,0,0
emel_cenedril_rudh,0.9121,0,0
eryn_lhug_lin,0.4346,8,0
espalass_rudh_forodrim,0.2519,5,0
fang_aear_adan,0.3802,0,0
fang_angos_rusc,0.5069,7,0
fang_saelor_gellui,0.9418,15,1
faradrim_annon_tinnu,0.3711,14,0
faradrim_pennas_hun,1.894,0,0
firion_certh_fang,1.558,0,0
forodrim_mindon_hadhod,0.9643,0,0
fuin_galenas_sogannen,1.435,0,0
fuin_uir_espalass,0.8132,0,0
gador_firen_fang,0.1756,7,0
gador_uan_puig,0.3731,0,0
galadhrim_hend_gwael,0.2357,0,0
gaur_tinnu_uruk,0.2108,0,0
graw_fast_gaw,0.7747,0,0
guldur_alag_sogannen,0.1633,12,0
guldur_imlad_gaw,0.3864,7,0
gwend_cirion_gil,0.3763,0,0
hadhod_dagnir_cund,0.4083,14,0
hadhod_navaer_saew,0.422,0,0
harad_galadh_Gonhir,0.4922,7,0
haradrim_ablad_luith,0.4189,7,0
haudh_tegilbor_agarwaen,1.053,0,0
heledh_ank_fern,0.3497,0,0
heledir_nestad_corch,1.346,0,0
heleg_galad_fae,1.134,0,0
hend_muil_dannas,4.924,0,0
hervess_lachenn_uir,0.8487,0,0
hul_bass_alagos,1.823,0,0
hul_mil_andrann,0.6567,0,0
idhren_Ithil_nothrim,1.031,0,0
imrad_raug_barad,0.4104,8,0
imrath_drafn_nost,1.071,0,0
imrath_nost_ithildin,0.6524,0,0
laes_achad_baug,0.3765,3,0
lain_espalass_gellui,0.4431,7,0
lalaith_galas_elvellon,0.2004,7,0
lam_lain_gath,0.7799,0,0
lass_tobas_sammar,0.1495,12,0
lathron_amlug_imlad,0.9406,0,0
laug_aduial_gador,0.4065,7,0
lebdas_riel_cenedril,0.2318,3,0
lebed_fern_agor,0.1687,7,0
lebenedh_imrath_Gonhir,0.6038,0,0
lebenedh_paich_faun,2.201,0,0
lembas_corch_dagnir,0.7845,0,0
lhug_minuial_achas,1.154,0,0
limlug_aderthad_mithril,0.3557,7,0
lobor_ank_cuil,0.4327,0,0
loss_anann_yll,0.09905,12,0
loss_faun_amath,1.022,0,0
lunt_gaw_gaurwaith,0.8733,0,0
maecheneb_eryn_fervain,0.3664,7,0
malad_acharn_Eluwaith,2.395,0,0
manadh_ithildin_rudh,0.3217,7,0
meldir_faen_ingem,0.2402,11,0
meldir_nagol_heron,0.6251,0,0
menel_certh_tinnu,0.5638,0,0
midh_raug_minas,0.2599,5,0
mil_aear_Druadan,0.9899,0,0
min_adan_bregedur,0.6608,0,0
minas_rudh_harad,0.1991,0,0
mindon_grond_pent,0.3301,7,0
minuial_aphadrim_yll,0.4277,7,0
mir_pilin_mithren,0.5174,0,0
mithren_Eluwaith_barad,0.7542,0,0
mithren_lin_in,0.3691,7,0
mithril_imrath_tamin,0.6839,0,0
muil_hun_alae,0.6821,0,0
mund_muil_nidh,0.709,0,0
myril_aear_agor,0.3877,7,0
narthan_Ithil_gellui,0.4041,13,0
narthan_alph_galas,0.4296,0,0
narthan_bass_haudh,1.441,0,0
nath_glaur_dirnaith,1.109,0,0
nath_ira_thangail,0.5114,0,0
neledh_tinuviel_inias,0.5155,15,1
nell_cabor_min,0.9232,0,0
nell_gwador_dirnaith,0.9469,0,0
nim_gath_eredh,0.1166,12,0
nim_gwathui_suil,1.896,0,0
nur_firiel_magor,0.7434,0,0
ogol_minai_ninglor,0.2015,7,0
onodrim_ruith_lang,0.2178,3,0
pendrath_haradrim_pethron,1.45,0,0
pendrath_maethor_iar,1.052,0,0
pent_sammar_drego,0.179,7,0
peredhel_gli_nagol,0.9594,0,0
pess_myril_navaer,0.396,7,0
puig_annon_gilgalad,2.137,0,0
rach_drego_gul,0.7826,0,0
raef_amlug_corch,0.3633,7,0
raef_min_ram,0.8607,0,0
raegdan_hand_adab,0.8462,0,0
raug_rist_thamas,0.1949,0,0
ris_aerlinn_minuial,0.8373,0,0
rudh_elvellon_eglan,0.4046,7,0
rust_ungol_gador,0.6973,0,0
soga_naer_mirdan,1.831,0,0
suil_dunedhel_gil,0.3785,3,0
talraph_gwael_lunt,0.98,15,1
talraph_tinnu_agarwaen,4.051,0,0
tann_gwaun_hub,0.4447,8,0
thamas_amarth_eredh,0.241,11,0
thul_rochben_eglan,0.8536,0,0
thul_sirion_baneth,1.054,0,0
toll_ninglor_ris,0.3477,0,0
uan_lacha_heron,0.457,0,0
uir_pess_agar,0.5856,0,0
yll_minai_gondrath,0.365,7,0
Druadan_galas_ram,0.9706,0,0
Eru_lasguil_lossen,0.4854,7,0
Mirion_lunt_fae,0.4266,7,0
adab_cabor_gwaun,0.435,0,0
adab_thul_rust,0.3705,15,1
adan_lhug_hervess,0.4467,7,0
aeglir_Dornhoth_adan,0.695,0,0
aeglir_min_graw,0.6406,0,0
aes_espalass_iphant,0.315,7,0
aglareb_araf_glamor,0.8702,0,0
ah_anwar_Sindarin,0.5087,0,0
ah_lam_lobor,0.2716,14,0
aiglos_Sindarin_glass,0.5195,0,0
aith_firen_corch,0.3794,7,0
alagos_hador_melethril,0.3596,0,0
amath_rochben_nim,0.5232,0,0
anann_acharn_midh,0.4884,7,0
ang_ungol_rochben,0.3771,7,0
anwar_lunt_hador,0.2699,7,0
anwar_mithren_hal,0.2799,7,0
aran_dannas_malad,0.4457,0,0
aran_hast_Eru,0.2984,3,0
aranarth_faun_hand,0.4214,0,0
aras_malad_Eru,0.9063,0,0
bass_ulug_aegas,0.8219,0,0
baug_gwarth_ram,0.2085,0,0
baug_tavor_pent,0.4059,7,0
braig_corch_dannas,0.2796,14,0
cabed_min_sammar,1.334,0,0
cae_glae_gwador,0.343,7,0
caras_saelor_galas,0.5077,0,0
celair_ennorath_aphadrim,0.2411,14,0
cenedril_espalass_ang,0.3542,7,0
certh_bain_glamor,0.2986,7,0
corf_hub_harad,0.4255,0,0
cuil_magor_faen,1.898,0,0
cund_elvellon_mithren,0.8111,0,0
daen_glaur_ram,0.3195,7,0
dam_barad_fervain,0.3736,7,0
dannas_Rochirrim_magor,1.533,0,0
dannas_amath_alagos,1.223,0,0
draug_mindon_galadh,0.419,0,0
eilian_perian_glamor,0.4641,15,1
eirien_saer_tegilbor,0.8217,0,0
emel_gobennas_lang,0.6084,0,0
emel_iphant_haust,0.6814,0,0
ennorath_balrog_gaur,0.4014,7,0
ennorath_graw_hand,0.5707,0,0
ennorath_rusc_mindon,1.436,0,0
eredh_callon_saig,0.2067,14,0
forodrim_lossen_ruith,1.389,0,0
gador_lost_mil,0.4409,7,0
galad_lebenedh_uir,0.487,7,0
galad_nothrim_balrog,0.3581,0,0
galadhrim_Eluwaith_gond,0.72,0,0
galadhrim_galadh_salph,0.4545,0,0
galadhrim_roch_eglan,0.7216,0,0
galas_sogannen_ank,0.967,0,0
galvorn_suil_fang,0.3177,15,1
gaur_gaurwaith_elu,0.7303,0,0
gaur_nimp_gwend,0.3417,7,0
gaurwaith_gil_malad,0.4669,0,0
gellui_ank_uir,0.2969,0,0
gil_gath_morn,0.3179,3,0
glamor_riel_hun,2.768,0,0
glaur_aith_salph,0.4734,7,0
gondrath_rhun_eirien,0.1264,0,0
gorn_meril_aderthad,0.4164,0,0
grond_saelor_pess,0.3871,7,0
gul_mithril_ungol,0.3645,7,0
gwael_salab_mithren,1.65,0,0
gwarth_lebdas_cyron,0.6473,0,0
gwaun_limlug_amon,0.4709,0,0
gwend_hador_bain,2.002,0,0
hador_tinuviel_celair,0.58,0,0
hal_pethron_dunedhel,0.4306,7,0
haradrim_laer_cenedril,0.7477,0,0
haudh_caras_gaurwaith,0.4298,0,0
haust_faen_ruith,0.4447,7,0
heledh_cugu_aeruil,0.3547,3,0
heledir_idhren_melethril,0.4445,15,1
helegnen_cae_pendrath,0.4112,7,0
hend_lost_barad,0.2967,3,0
hervess_roch_espalass,0.904,0,0
hud_bellas_thangail,0.4209,0,0
hwiniol_emel_dagnir,0.3143,7,0
iaun_curunir_aegas,0.4166,7,0
imlad_daen_iphant,0.319,3,0
imloth_anwar_thor,0.1209,0,0
imrath_anwar_fang,0.3264,3,0
in_gwaloth_gaw,0.3188,0,0
inias_luin_tavor,0.3093,14,0
iphant_muinthel_amdir,0.4024,7,0
laer_anwar_lorn,0.2121,0,0
laes_lunt_aran,0.7958,0,0
lain_acharn_lam,0.309,7,0
lathron_pess_aith,0.4835,15,1
lebenedh_uan_hand,0.1146,0,0
lembas_uan_laug,0.3301,15,1
lhug_cae_Rochirrim,0.6411,0,0
limlug_ingem_alae,0.4704,0,0
lossen_haeron_faun,0.4399,7,0
lossen_hervenn_gwanur,1.834,0,0
luin_tobas_ulug,0.6919,0,0
maecheneb_drafn_thurin,0.4201,0,0
maecheneb_pennas_ingem,0.6356,0,0
maen_bass_rhovan,1.849,0,0
maen_ithron_laes,0.9591,0,0
manadh_Eru_adab,0.3615,0,0
manadh_hend_curunir,0.9875,0,0
melethril_ogol_tirith,1.311,0,0
midh_rist_vin,0.8144,0,0
minas_rodwen_guldur,0.7695,0,0
mindon_heledh_gwador,0.3435,0,0
minuial_gaurwaith_Gonhir,0.8425,0,0
mir_alph_hadhod,0.5109,0,0
mithren_nothrim_meldir,0.2187,14,0
mithril_amarth_lossen,0.3095,0,0
myril_thavron_eilian,2.189,0,0
neledh_mil_lathron,0.3315,7,0
nestad_lass_dirnaith,1.345,0,0
nestad_pethron_elu,0.4121,7,0
noroth_ingem_amdir,0.3726,7,0
nost_ungol_gond,1.085,0,0
paich_rhovan_agar,0.5716,0,0
panas_daen_soga,0.6718,0,0
panas_thor_rhun,0.4313,7,0
per_ris_idhren,0.4111,7,0
perian_merilin_imrad,0.3892,7,0
pethron_lagor_aeruil,0.4869,7,0
pilin_nimbrethil_glass,0.8208,0,0
puig_lebed_lain,0.8,0,0
rach_adan_cenedril,0.3348,0,0
raegdan_tann_amarth,0.8904,0,0
raegdan_tathar_dam,0.3861,7,0
ram_pod_pendrath,1.134,0,0
rhun_dagnir_eryn,0.4862,7,0
rochir_harad_corch,0.3948,7,0
rodwen_lacha_maecheneb,0.5882,0,0
rovalug_galadhrim_hun,0.3324,0,0
rusc_galas_lhug,0.3874,7,0
salph_daen_ira,0.2652,14,0
salph_galadhrim_glaur,0.9126,0,0
sammar_amarth_rusc,0.4877,7,0
sogannen_gador_ang,0.1929,0,0
tachol_drafn_nidh,0.3372,7,0
tachol_tang_pendrath,2.187,0,0
talraph_haeron_Mithrim,1.322,0,0
thul_mirdan_nadhras,0.9134,0,0
thurin_Gonhir_Druadan,0.4617,7,0
tirith_bregedur_galad,0.551,0,0
toll_eredh_faen,0.3419,0,0
uanui_noroth_haust,0.7288,0,0
ulug_Eluwaith_ingem,1.505,0,0
ulug_hervenn_menel,0.4156,7,0
Dornhoth_salab_corch,0.9011,0,0
Eru_alae_nath,0.3582,7,0
Ithil_law_galas,0.3881,7,0
Mithrim_mereth_rom,0.193,3,0
Tawarwaith_Gwathuirim_cabed,0.6798,0,0
acharn_per_gwaloth,0.4143,15,1
aear_morgul_heleg,0.2574,7,0
aerlinn_nadhras_cund,0.2637,0,0
aerlinn_sirion_gli,0.7949,0,0
agar_cugu_glaur,0.4795,0,0
ah_achad_bain,0.3934,15,1
ah_navaer_agarwaen,1.06,0,0
aiglos_saig_mindon,0.5576,0,0
aith_glass_firiel,0.482,0,0
alag_amlug_gaurwaith,0.3603,7,0
alph_nana_panas,1.145,0,0
amon_corch_idhren,0.3889,15,1
anann_raegdan_lost,0.1608,7,0
annon_salab_aderthad,1.262,0,0
aphadrim_neledh_ist,0.2385,7,0
araf_agar_maecheneb,1.138,0,0
araf_glamog_echad,0.7431,15,1
aranarth_gellui_melethril,0.05731,3,0
aranarth_sirion_adan,1.242,0,0
aras_ang_aeruil,0.6409,0,0
archam_elu_rochben,0.2446,0,0
archam_hu_cirion,0.1908,3,0
archam_lang_alph,0.8701,0,0
badhor_talraph_lam,0.7046,15,1
bellas_gul_aras,0.8238,0,0
bellas_luithien_melethril,2.744,0,0
bragol_onodrim_nimbrethil,1.13,0,0
cabed_mereth_iphant,1.697,15,1
cabor_aran_melethril,0.3523,7,0
cabor_firiel_rhosc,0.9488,0,0
cabor_merilin_hwiniol,3.08,0,0
corch_ennorath_dagnir,0.8459,0,0
corch_iphant_saelor,0.539,7,0
cugu_soga_mirdan,1.889,0,0
cuil_pent_yll,0.2485,7,0
cyron_cair_vin,1.244,0,0
dannas_uanui_Ennor,2.726,0,0
dirnaith_aphadrim_adab,0.3661,15,1
drafn_haradrim_nimbrethil,0.6486,0,0
drafn_mund_lathron,0.7028,0,0
draug_gwaloth_baug,0.7089,0,0
drego_lachenn_minas,0.4704,7,0
dunedhel_haust_nothrim,0.09532,0,0
emel_mindon_sador,0.3036,0,0
ennorath_eirien_tavor,1.492,0,0
faen_thamas_certh,0.1881,7,0
faun_aerlinn_maen,0.7569,0,0
fervain_idhren_Mirion,0.1882,3,0
firen_drego_ablad,0.2036,0,0
forodrim_myril_pilin,0.1611,3,0
fuin_nadhras_hud,0.9203,0,0
galenas_saer_rhosc,0.09091,0,0
gas_tamin_ablad,0.5477,8,0
gaurwaith_angos_lebdas,0.1826,0,0
gellui_law_lalaith,0.4647,7,0
gilgalad_eglan_maecheneb,0.8708,0,0
glamor_celon_gondrath,0.9035,0,0
glamor_iar_amloth,0.4154,15,1
glass_rom_puig,0.0627,3,0
glaur_narthan_hervenn,0.4942,0,0
glaur_ogol_cugu,0.9838,0,0
gond_alagos_andrann,0.194,0,0
grond_soga_ai,0.5748,0,0
guldur_lebenedh_perian,1.201,0,0
guldur_lossen_tinuviel,0.6843,0,0
guldur_nath_toll,1.097,0,0
gwaloth_espalass_angos,0.683,0,0
gwarth_mir_ris,0.8635,0,0
gwaun_melethril_amdir,0.1889,0,0
hador_aras_badhor,1.095,0,0
haradrim_ithildin_mereth,0.3696,7,0
heledh_rochben_drego,0.1437,3,0
honeg_raug_morn,0.9222,0,0
hub_nur_rhovan,0.2983,7,0
hub_saew_nestad,0.7319,0,0
iar_aranarth_hwiniol,2.284,0,0
iar_cair_fuin,0.6979,0,0
iaun_lacha_corch,0.2148,7,0
idhren_Elrim_hun,0.8424,0,0
iphant_gwador_glandagol,1.135,0,0
iphant_neledh_archam,0.3758,7,0
lacha_eirien_fang,1.562,15,1
lacha_saig_ulug,1.461,0,0
lagor_gobennas_aiglos,2.021,0,0
lebed_gaurwaith_fang,0.6869,0,0
lebed_ithildin_galas,1.085,0,0
lebed_saew_minuial,1.226,0,0
limlug_gul_mir,0.4265,7,0
lin_gador_talraph,0.9544,0,0
loss_tann_melethron,2.111,0,0
luith_hador_minuial,0.153,7,0
lunt_saelor_Mirion,0.4604,7,0
maecheneb_firiel_curunir,0.7878,0,0
maethor_hal_glamog,0.6496,0,0
magol_ai_rochir,0.9041,0,0
magol_eredh_tathar,0.1822,7,0
manadh_melethron_rovalug,0.4434,7,0
melethron_thul_aranarth,2.292,0,0
mil_ank_callon,0.1748,7,0
minas_eglan_lebdas,0.3074,0,0
minas_lebed_minai,0.2082,0,0
mindon_grond_emel,0.09786,13,0
mindon_tamin_ah,0.5972,0,0
mithren_daen_acharn,0.4297,7,0
mithril_espalass_Mirion,3.452,0,0
morgul_acharn_gaurwaith,0.4429,7,0
morn_tinuviel_cae,1.027,0,0
mund_callon_merilin,0.4208,15,1
mund_galas_rust,0.3608,15,1
mund_gwador_alagos,0.7108,0,0
nadhras_ylf_in,0.372,15,1
nana_Ennor_rudh,1.712,0,0
nana_dirnaith_limlug,0.2058,7,0
nidh_rist_lost,0.2499,0,0
nimp_alph_faen,0.2896,0,0
nimp_braig_heron,0.9411,0,0
nimp_imlad_lost,0.0642,3,0
noroth_aranarth_faun,0.3902,7,0
noroth_glandagol_rodwen,0.1035,13,0
nost_pent_limlug,0.7775,0,0
panas_aglareb_aear,0.6391,0,0
per_iar_badhor,0.7491,0,0
peredhel_nana_baneth,0.08582,0,0
randir_celeb_Druadan,3.415,0,0
rhach_lorn_Tawarwaith,0.3592,15,1
rhach_ninglor_calad,1.654,0,0
rhach_pilin_menel,1.303,0,0
rhovan_suil_nath,0.2356,7,0
riel_tobas_Tawarwaith,0.3687,7,0
ris_aduial_laer,0.3253,7,0
rist_lathron_saelor,0.5976,0,0
roch_lhug_archam,1.867,0,0
rochben_cugu_galenas,0.7732,0,0
rochben_lagor_galad,0.558,0,0
saer_amarth_balrog,0.5209,7,0
saer_cabed_rom,0.4181,7,0
saig_lost_duin,0.1031,13,0
salab_dagnir_gobennas,0.3137,7,0
suil_lebenedh_tang,0.412,7,0
suil_mil_aeglir,0.7904,0,0
tamin_dol_ylf,1.904,0,0
tang_fervain_ai,0.6248,0,0
thor_aeruil_narthan,0.4074,7,0
tinuviel_tann_nidh,0.2978,7,0
toll_rist_bragol,0.284,7,0
uan_braig_amlug,0.1455,3,0
uir_gaw_aeruil,0.1921,7,0
yll_merilin_rach,1.701,15,1
Dornhoth_gwend_nagol,0.4061,7,0
Dornhoth_thurin_gwaloth,0.9992,0,0
Eluwaith_amarth_iar,0.5666,0,0
acharn_firion_morn,0.4958,0,0
adab_amdir_gli,0.5834,2,0
adar_law_agor,0.3292,7,0
agarwaen_guldur_Ithil,0.9606,0,0
alagos_rach_ris,1.172,0,0
amdir_ruith_braig,1.387,0,0
amloth_iphant_nur,0.8784,0,0
andrann_galas_rochben,0.7642,0,0
angos_pod_cabed,1.129,0,0
ank_rovalug_eilian,0.4414,7,0
anwar_thamas_agar,0.2549,11,0
araf_lebenedh_nost,0.9432,0,0
aranarth_rhovan_lasguil,0.8121,0,0
aranarth_tobas_gellui,0.381,0,0
balrog_gond_fuin,0.09704,3,0
bass_myril_guldur,1.452,0,0
bragol_galenas_raug,0.4713,7,0
bronwe_riel_pilin,0.4657,7,0
cae_cair_merilin,1.078,0,0
cae_gwaloth_nagol,1.185,0,0
callon_raef_espalass,0.4863,7,0
callon_tobas_meldir,1.041,0,0
cenedril_Eluwaith_cae,0.2158,0,0
cirion_cabor_thurin,1.06,0,0
cirion_gaur_gaw,0.6132,0,0
cund_faen_nagol,0.3461,0,0
duin_aegas_gwael,0.829,0,0
duin_forodrim_lin,0.8778,0,0
dunadan_baneth_magol,0.7334,0,0
eglan_sador_galadhrim,0.5571,7,0
eirien_minuial_nim,2.133,0,0
elu_edlothiad_minai,1.78,0,0
elu_thamas_gil,0.3567,0,0
emel_archam_rusc,1.053,0,0
ennorath_drafn_emel,0.4694,0,0
erchion_magor_rach,1.068,0,0
eredh_hadhod_lass,0.3492,0,0
eryn_pent_tegilbor,0.2668,7,0
firen_agor_rusc,0.4352,7,0
firion_lorn_certh,0.7909,0,0
fuin_minas_cair,0.09437,3,0
galadhrim_noroth_duin,1.326,0,0
galas_hu_corch,0.2701,11,0
galas_tinuviel_nadhras,0.5118,7,0
gath_celeb_uanui,0.5566,7,0
gath_rodwen_suil,1.312,0,0
gaurwaith_paich_ryn,1.566,0,0
gaw_lebed_grond,0.2403,0,0
glae_gul_sirion,0.552,2,0
glae_ira_glamog,1.569,0,0
glamor_cirion_adar,0.3944,7,0
glamor_gwend_baug,0.8603,0,0
gli_aderthad_hub,0.5559,0,0
gwaloth_corch_Druadan,0.253,0,0
gwaun_gwael_glandagol,1.529,0,0
gwaun_manadh_hand,0.3785,0,0
gwaun_ruith_amarth,0.08841,3,0
gwilwileth_pennas_hend,0.8855,0,0
hal_certh_pilin,0.3139,0,0
hal_myril_bass,1.311,0,0
hand_perian_navaer,1.042,0,0
harad_nost_firen,1.103,0,0
hast_nath_aiglos,0.6499,0,0
heledh_aes_luith,0.9914,0,0
heledh_tinnu_thamas,0.3427,0,0
heron_barad_gwilwileth,0.532,0,0
hwiniol_cirion_angos,1.513,0,0
hwiniol_gwaun_callon,0.4047,0,0
hwiniol_meril_minas,0.8586,0,0
imlad_espalass_melethril,0.2143,3,0
imloth_alae_mirdan,0.22,0,0
ist_cenedril_daen,0.7841,0,0
ithildin_firion_meril,0.5942,0,0
ithildin_laes_aglareb,0.6871,0,0
laer_hervess_celeb,0.1885,3,0
laer_nell_randir,0.2266,0,0
lain_echad_hend,0.1848,7,0
lain_yll_imrad,0.4685,0,0
lalaith_hud_dirnaith,0.5901,0,0
lang_Ithil_hu,0.3096,7,0
lass_fang_nadhras,0.4389,7,0
lathron_echad_dol,0.2804,0,0
lebenedh_dunadan_aerlinn,0.6753,0,0
lebenedh_hwiniol_perian,0.45,7,0
lend_faradrim_glamog,0.4707,0,0
lorn_aglareb_grond,1.137,0,0
lorn_magol_thavron,0.7416,0,0
loss_cabor_rust,0.1719,7,0
lunt_firion_gwaloth,0.2769,7,0
maethor_glass_edlothiad,0.5257,7,0
magol_rochben_adab,0.1792,7,0
manadh_ennorath_nana,0.2116,3,0
melethril_minas_ang,0.5442,0,0
min_gil_lalaith,0.09545,3,0
minas_corch_celair,1.305,0,0
minas_fuin_midh,1.159,0,0
minas_lebed_bellas,0.8317,0,0
mirdan_gul_imrath,0.8415,0,0
mithril_nur_celon,0.9361,0,0
morgul_ang_firiel,0.6793,0,0
muil_imrath_per,1.913,0,0
nana_menel_randir,0.2915,0,0
narthan_gas_alagos,0.9269,0,0
nath_Eru_faen,0.08993,3,0
neledh_min_melethron,2.389,0,0
nestad_honeg_Gonhir,0.4412,0,0
nimbrethil_imlad_saig,0.5132,0,0
ninglor_ruith_vin,0.9404,0,0
nost_pod_drafn,1.228,0,0
ogol_sogannen_mund,1.244,0,0
peredhel_alagos_lain,2.378,0,0
pess_gwend_Gonhir,1.504,0,0
pethron_baug_braig,0.454,7,0
rach_gaw_tobas,0.4902,7,0
rach_gwador_tachol,0.4294,0,0
raef_aegas_agar,0.6681,0,0
raegdan_lam_ennorath,0.8603,0,0
raug_nim_balrog,0.5029,0,0
rhach_aegas_imloth,1.171,0,0
riel_ram_harad,0.3197,0,0
ris_certh_mereth,0.4649,0,0
rist_cugu_rust,0.5156,7,0
romru_ris_aeruil,0.2502,7,0
rusc_hend_salab,1.179,0,0
rust_Rochirrim_lacha,1.312,0,0
ryn_Eluwaith_morn,0.5491,2,0
saig_saew_panas,0.3167,7,0
salab_agarwaen_heledir,0.2636,0,0
sammar_gaur_ram,1.337,0,0
soga_narthan_lembas,0.9974,0,0
suil_min_ris,0.6419,7,0
tann_minas_melethron,1.08,0,0
tavor_nath_ai,0.5293,0,0
tegilbor_noroth_heledh,0.386,0,0
tegilbor_toll_faun,1.102,0,0
thangail_nost_parf,0.7734,0,0
thor_pod_agarwaen,0.4786,7,0
thurin_aeruil_calad,1.445,0,0
thurin_cabor_hervess,0.4766,0,0
thurin_soga_rovalug,1.499,0,0
thurin_tachol_amlug,2.471,0,0
tinnu_faun_gobennas,0.8153,0,0
tinnu_raef_thor,1.06,0,0
tinuviel_luin_melethril,0.37,0,0
tobas_myril_laug,0.3559,0,0
ulug_grond_firen,0.6775,0,0
uruk_paich_peredhel,0.08875,3,0
ylf_dol_melethron,0.243,0,0
ylf_imrath_galvorn,1.146,0,0
Gonhir_fervain_ah,0.4315,7,0
Gonhir_limlug_harad,0.4566,6,0
Mirion_galadh_heledh,0.1817,7,0
Mithrim_lang_elvellon,0.1693,3,0
Mithrim_mund_gas,0.3985,0,0
achas_riel_braig,0.3061,0,0
adan_cae_morgul,0.1817,7,0
adar_maethor_lasguil,1.19,0,0
aderthad_nimbrethil_gellui,0.2121,3,0
aduial_mindon_harad,0.4137,7,0
aear_agarwaen_cund,1.709,0,0
aegas_gaw_navaer,0.9124,0,0
aegas_tobas_dunedhel,0.2271,7,0
aerlinn_Eru_cenedril,0.4104,7,0
aglareb_imloth_cabor,0.4123,7,0
agor_luithien_harad,0.3311,7,0
ah_Druadan_gwador,1.267,0,0
ah_gorn_per,0.166,0,0
aiglos_emel_talraph,0.2392,0,0
alph_celon_archam,0.09983,0,0
amarth_pilin_ram,0.4503,7,0
amath_heron_minas,0.2938,7,0
amath_nadhras_rhun,1.334,0,0
amdir_hul_hervenn,0.8125,0,0
amon_adel_aeglir,0.418,0,0
annon_elvellon_gorn,0.1883,7,0
aphadrim_tegilbor_helegnen,0.7676,0,0
archam_gli_heron,0.4743,0,0
badhor_hervenn_minai,1.371,0,0
bass_gwilwileth_lunt,0.4277,6,0
bronwe_galas_cund,0.3222,7,0
caras_aderthad_glass,0.2677,7,0
celair_nath_gwachaedir,1.22,0,0
cenedril_anann_aegas,0.09069,0,0
cenedril_gas_eglan,0.4073,6,0
certh_lachenn_dunedhel,0.4189,7,0
cirion_rhun_gas,1.037,0,0
corch_Mirion_araf,0.5055,7,0
corch_hadhod_hul,0.3251,7,0
corch_mithril_cabed,1.109,0,0
cugu_gil_laes,1.215,0,0
cyron_gwaun_lain,1.02,0,0
dam_pent_fern,0.3044,7,0
dannas_aiglos_drafn,0.2966,7,0
duin_honeg_nost,0.1872,7,0
edlothiad_dunedhel_hast,0.09081,0,0
eilian_suil_raef,0.5248,0,0
elvellon_glass_gwarth,0.1073,0,0
eredh_galvorn_agor,1.205,0,0
faradrim_thavron_firen,0.2041,3,0
forodrim_cyron_lebdas,0.5098,7,0
fuin_lathron_alph,0.8955,0,0
fuin_naer_elu,0.2261,7,0
galad_raegdan_hand,0.4487,0,0
galadh_drafn_achad,0.4431,0,0
galadh_ingem_maethor,0.9759,0,0
gil_saew_neledh,0.8216,0,0
gilgalad_rom_gwathui,0.7599,0,0
glamor_gellui_mithren,1.567,0,0
graw_aear_iphant,0.4273,0,0
grond_bellas_paich,0.1222,0,0
gul_agar_gwaloth,0.1522,0,0
gwachaedir_bronwe_pess,1.711,0,0
gwarth_dagnir_imrad,0.2988,0,0
gwilwileth_galad_lebdas,0.2197,7,0
gwilwileth_hal_Sindarin,0.4319,7,0
hadhod_law_perian,0.2311,0,0
hador_gwaun_saig,0.1762,3,0
hand_raef_gellui,0.8995,0,0
harad_tinuviel_gaw,1.255,0,0
hast_aduial_laug,0.4273,8,0
heledh_tamin_gilgalad,1.414,0,0
heledir_rust_archam,0.5833,0,0
heleg_curunir_ablad,0.3647,7,0
heleg_nagol_raegdan,0.4204,0,0
heron_celon_iphant,2.156,0,0
hud_hub_lavan,0.2522,0,0
idhren_honeg_rhosc,0.9559,0,0
imlad_laer_magor,0.28,0,0
ira_tinuviel_uir,0.1132,0,0
laes_nestad_alph,1.051,0,0
lain_corch_bain,1.179,0,0
laug_idhren_manadh,0.1346,0,0
lavan_pod_gli,0.5852,0,0
lebdas_curunir_cugu,0.4079,7,0
lebed_amdir_aran,0.2652,7,0
lhug_iar_pent,0.1484,3,0
loss_gobennas_law,1.147,0,0
lossen_mund_aeruil,0.4254,7,0
luin_hervenn_echad,0.2699,7,0
luin_naer_ingem,0.2503,10,0
maecheneb_gwarth_amarth,0.8708,0,0
maen_raef_onodrim,0.175,0,0
maethor_firiel_rusc,0.3893,8,0
maethor_imloth_Eru,0.2358,7,0
menel_lebenedh_faradrim,0.2869,0,0
mereth_forodrim_haradrim,0.3218,7,0
merilin_tann_barad,0.4169,7,0
midh_nidh_Eru,0.1924,3,0
mil_eryn_callon,0.1925,7,0
min_aerlinn_ah,0.175,3,0
min_imrath_thul,1.644,0,0
minai_hub_gwael,1.796,0,0
minuial_callon_ruith,1.245,0,0
minuial_law_hervess,1.009,0,0
mir_dunedhel_per,0.2664,7,0
muil_nur_lachenn,1.322,0,0
muil_sammar_lossen,0.2028,3,0
muinthel_faun_rochben,0.5245,0,0
muinthel_noroth_lembas,0.9512,0,0
mund_sammar_aith,1.817,0,0
myril_galadh_anwar,0.3893,0,0
nagol_eredh_rhach,1.782,0,0
narthan_braig_uan,0.213,10,0
navaer_morgul_inias,0.1321,0,0
nestad_cae_corf,0.8887,0,0
nidh_acharn_law,0.2966,7,0
nimp_aear_lasguil,0.2839,0,0
noroth_drego_forodrim,0.1878,7,0
nothrim_bronwe_gellui,0.1852,3,0
paich_maecheneb_luithien,0.2472,10,0
per_min_badhor,0.4456,7,0
peredhel_imrad_saer,0.3245,0,0
pethron_eilian_rach,1.566,0,0
raegdan_baneth_melethron,0.4108,7,0
rhovan_aes_perian,2.298,0,0
rhovan_noroth_hervenn,1.413,0,0
ris_Eru_Ithil,1.474,0,0
rist_hal_cirdan,0.175,0,0
rom_in_nur,3.142,0,0
rudh_luin_uan,0.8564,0,0
ruith_lalaith_heron,0.5079,0,0
ryn_Ithil_Ennor,0.4261,8,0
ryn_laer_acharn,1.565,0,0
ryn_rhosc_ylf,0.9753,0,0
saelor_harad_uanui,0.433,0,0
saew_andrann_rhosc,0.2181,7,0
saig_lathron_Rochirrim,0.499,7,0
salph_badhor_tavor,0.8718,0,0
sammar_calad_alph,0.2565,7,0
soga_mir_fuin,0.3999,7,0
tamin_achas_lebed,0.4573,0,0
tamin_yll_panas,0.3971,0,0
tathar_tobas_gobennas,1.1,0,0
toll_maecheneb_aranarth,0.3258,7,0
uanui_rist_tamin,0.2479,7,0
uruk_cirion_tamin,0.4199,0,0
Eluwaith_Druadan_cuin,0.4533,7,0
Eluwaith_tathar_gwend,1.062,0,0
Eru_meldir_ulug,0.7245,0,0
Eru_mithren_aras,0.2877,7,0
Gonhir_thavron_maen,0.3086,7,0
Ithil_caras_hadhod,0.6528,0,0
Mirion_gwathui_lebdas,0.7956,0,0
Rochirrim_navaer_luithien,0.4352,0,0
Tawarwaith_rovalug_mund,2.254,0,0
achas_rom_cair,0.6855,0,0
adan_lachenn_gwanur,0.5346,0,0
adel_tirith_riel,0.2894,7,0
aegas_ryn_imlad,0.3024,7,0
agarwaen_tobas_andrann,0.4593,7,0
agor_grond_min,0.3075,7,0
amarth_saew_melethron,0.4881,0,0
amdir_ithildin_laer,0.5103,0,0
anann_ungol_agarwaen,0.08658,15,1
ank_cirdan_ryn,1.465,0,0
ank_parf_laes,0.7393,0,0
aphadrim_aduial_perian,0.5922,0,0
aras_nadhras_galas,0.2811,7,0
bain_caras_nath,2.015,0,0
barad_glamor_riel,1.29,0,0
baug_agarwaen_angos,0.3885,7,0
bragol_fae_aphadrim,0.471,0,0
bragol_gwachaedir_nost,0.4645,7,0
bragol_laes_tathar,0.67,15,1
bragol_pethron_anwar,0.4512,7,0
braig_fern_nim,0.4204,0,0
braig_graw_bellas,0.3777,0,0
braig_loss_hal,0.09021,15,1
bregedur_minai_aerlinn,0.5003,0,0
cabor_minas_Gonhir,1.244,0,0
cair_erchion_ist,0.7487,0,0
calad_malad_faen,0.8633,0,0
calad_morgul_nana,0.2937,7,0
callon_nagol_elvellon,0.361,7,0
cenedril_thavron_salph,0.3266,0,0
corch_cabor_sirion,0.4427,0,0
corch_roch_gellui,0.4996,0,0
corf_archam_haudh,0.4913,0,0
daen_gwaloth_galas,0.3609,7,0
dannas_glandagol_maethor,0.592,15,1
dirnaith_maecheneb_pilin,0.5586,0,0
drego_hervess_erchion,3.374,0,0
drego_luin_tinnu,0.1719,7,0
dunadan_naer_faradrim,0.5799,0,0
eglan_badhor_galas,0.7218,0,0
eilian_daen_lebed,0.9208,0,0
eirien_hub_bass,1.335,0,0
eirien_uan_Mirion,0.7314,0,0
elu_muinthel_navaer,0.693,0,0
ennorath_espalass_Druadan,0.3856,7,0
ennorath_tavor_mithril,0.2649,7,0
eryn_ris_laug,1.422,0,0
faen_galadh_celon,0.3779,7,0
fast_lobor_lacha,0.5496,0,0
faun_sammar_ist,1.419,0,0
fern_amdir_ingem,0.5995,0,0
galad_emel_iar,1.1,0,0
galad_malad_gwend,0.3544,0,0
galenas_gaw_tobas,0.3429,7,0
gas_tavor_Sindarin,0.426,0,0
gaur_ang_rhovan,0.432,0,0
glae_pennas_ninglor,1.892,0,0
glamog_ang_maecheneb,0.2232,0,0
glamor_erchion_faen,0.7705,0,0
glaur_cabed_tavor,0.5708,0,0
gorn_aderthad_cabor,0.3085,0,0
guldur_anwar_aderthad,0.3375,0,0
guldur_hervenn_gil,1.321,0,0
gwael_heleg_nur,0.6424,0,0
gwarth_onodrim_anann,0.3381,7,0
gwend_faun_hand,0.2847,7,0
gwilwileth_ah_graw,0.3058,7,0
hal_aranarth_rhun,0.4421,7,0
hal_nestad_ingem,0.6217,0,0
haudh_melethron_amloth,0.3092,0,0
haust_anwar_heron,0.2924,3,0
helegnen_lachenn_aes,1.002,0,0
heron_amloth_draug,0.2879,0,0
hervess_amdir_bregedur,0.3435,7,0
honeg_laer_uanui,0.523,8,0
hub_rusc_braig,0.318,7,0
hul_firion_callon,0.0996,15,1
hun_bragol_draug,0.5968,0,0
imrad_amlug_aran,0.538,8,0
imrath_haust_lain,0.2835,7,0
ingem_per_lin,0.6801,0,0
ingem_rust_pilin,0.1529,3,0
ira_haeron_panas,2.5,0,0
lachenn_guldur_Mithrim,4.513,0,0
lagor_adar_maethor,0.147,13,0
lagor_rovalug_harad,0.3313,0,0
laug_riel_callon,0.8972,0,0
lavan_magor_meldir,0.4782,0,0
lebed_cair_lavan,1.845,0,0
lebed_law_elvellon,0.2996,7,0
lebenedh_celon_peredhel,0.3327,0,0
lembas_corf_ylf,0.3003,7,0
lin_graw_hend,0.5886,15,1
lin_uir_uruk,0.2875,3,0
lossen_loss_rust,0.4439,7,0
luin_Eluwaith_thangail,0.6563,7,0
luithien_honeg_rovalug,1.944,0,0
lunt_lossen_gwathui,0.3455,0,0
maecheneb_galadh_Tawarwaith,0.1421,3,0
maecheneb_melethron_mir,0.2778,7,0
maen_agarwaen_fast,0.5737,0,0
maethor_tinnu_saer,0.2312,14,0
malad_emel_loss,0.5662,0,0
melethril_gellui_tavor,0.1611,13,0
menel_aphadrim_aderthad,0.5017,0,0
meril_pethron_onodrim,0.692,0,0
min_forodrim_hal,1.917,0,0
mindon_magol_gwend,0.7091,0,0
mithril_tachol_ang,1.241,0,0
myril_Mithrim_gwanur,0.3631,7,0
myril_uir_lost,0.6345,15,1
nath_lang_naer,0.6566,15,1
nestad_merilin_lain,0.4001,7,0
nost_thangail_rhun,0.3342,0,0
nothrim_rhach_achas,0.5611,0,0
nur_Sindarin_lost,0.3444,0,0
pennas_achas_gwilwileth,0.3566,7,0
pennas_sirion_firiel,1.545,0,0
pent_hador_fuin,0.2597,14,0
peredhel_idhren_lebdas,0.6364,7,0
perian_ablad_faen,0.4596,0,0
pethron_lachenn_toll,0.5304,7,0
pilin_balrog_magor,0.5114,0,0
rach_lass_tathar,0.5319,15,1
raug_aran_eryn,0.6004,0,0
rhovan_uruk_bragol,0.5005,0,0
rhun_mithril_baneth,1.65,0,0
ris_manadh_cenedril,0.2637,3,0
rist_gwador_sammar,1.022,0,0
rodwen_elvellon_roch,1.068,0,0
rudh_fang_alagos,0.4304,0,0
sador_heledir_gil,0.5516,0,0
tachol_nana_pendrath,0.4486,0,0
tachol_saew_sammar,0.1555,13,0
tamin_imrad_salab,0.824,0,0
tang_lebenedh_rust,0.472,0,0
tegilbor_luithien_glass,0.2587,7,0
thor_gwaloth_aegas,0.354,0,0
thor_mithril_tobas,0.333,0,0
tinnu_gellui_tathar,0.8898,0,0
uir_heleg_corf,0.9598,0,0
uir_rhosc_law,0.1543,3,0
uruk_in_pess,1.152,0,0
ylf_alph_mindon,0.5595,8,0
